application_id,business_name,borrower_name,loan_amount,application_date,assigned_processor,document_type,document_status,date_received,expiration_date,notes
APP-2026-1001,Metro Dental Group,Elena Williams,390000,2025-12-01,Aisha Patel,Bank Statements (90 day),Under Review,2026-01-28,2026-04-28,Reviewing for completeness
APP-2026-1001,Metro Dental Group,Elena Williams,390000,2025-12-01,Aisha Patel,Ownership Verification,Approved,2026-01-20,,
APP-2026-1001,Metro Dental Group,Elena Williams,390000,2025-12-01,Aisha Patel,Articles of Incorporation,Received,2025-12-29,,
APP-2026-1001,Metro Dental Group,Elena Williams,390000,2025-12-01,Aisha Patel,Business Licenses & Permits,Pending,,,
APP-2026-1001,Metro Dental Group,Elena Williams,390000,2025-12-01,Aisha Patel,Personal Tax Returns (3yr),Received,2026-01-29,2029-01-28,
APP-2026-1001,Metro Dental Group,Elena Williams,390000,2025-12-01,Aisha Patel,Lease Agreement,Pending,,,Borrower contacted via email
APP-2026-1001,Metro Dental Group,Elena Williams,390000,2025-12-01,Aisha Patel,Business Tax Returns (3yr),Approved,2025-12-18,2028-12-17,
APP-2026-1001,Metro Dental Group,Elena Williams,390000,2025-12-01,Aisha Patel,Business Financial Statements,Pending,,,
APP-2026-1001,Metro Dental Group,Elena Williams,390000,2025-12-01,Aisha Patel,Insurance Verification,Received,2025-12-18,2026-12-18,
APP-2026-1002,Unity Health Clinic,Patricia Kim,290000,2025-10-02,Aisha Patel,Bank Statements (90 day),Pending,,,
APP-2026-1002,Unity Health Clinic,Patricia Kim,290000,2025-10-02,Aisha Patel,SBA Form 1919,Under Review,2025-12-24,,Verifying with third party
APP-2026-1002,Unity Health Clinic,Patricia Kim,290000,2025-10-02,Aisha Patel,SBA Form 912,Under Review,2025-10-03,,Minor discrepancy noted
APP-2026-1002,Unity Health Clinic,Patricia Kim,290000,2025-10-02,Aisha Patel,Personal Tax Returns (3yr),Under Review,2026-01-11,2029-01-10,Reviewing for completeness
APP-2026-1002,Unity Health Clinic,Patricia Kim,290000,2025-10-02,Aisha Patel,Lease Agreement,Received,2026-01-07,,
APP-2026-1002,Unity Health Clinic,Patricia Kim,290000,2025-10-02,Aisha Patel,Debt Schedule,Received,2025-11-09,,
APP-2026-1002,Unity Health Clinic,Patricia Kim,290000,2025-10-02,Aisha Patel,Business Financial Statements,Expired,2025-12-21,,Document expired - replacement requested
APP-2026-1002,Unity Health Clinic,Patricia Kim,290000,2025-10-02,Aisha Patel,Business Tax Returns (3yr),Approved,2026-01-06,2029-01-05,
APP-2026-1002,Unity Health Clinic,Patricia Kim,290000,2025-10-02,Aisha Patel,Business Licenses & Permits,Approved,2026-01-11,,
APP-2026-1003,Hilltop Dental Care,Priya White,90000,2025-12-01,Janet Morrison,Business Tax Returns (3yr),Under Review,2026-02-04,2029-02-03,
APP-2026-1003,Hilltop Dental Care,Priya White,90000,2025-12-01,Janet Morrison,Personal Tax Returns (3yr),Received,2026-01-05,2029-01-04,
APP-2026-1003,Hilltop Dental Care,Priya White,90000,2025-12-01,Janet Morrison,SBA Form 912,Approved,2026-01-28,,
APP-2026-1003,Hilltop Dental Care,Priya White,90000,2025-12-01,Janet Morrison,SBA Form 1919,Pending,,,Requested from borrower 2/3
APP-2026-1003,Hilltop Dental Care,Priya White,90000,2025-12-01,Janet Morrison,Ownership Verification,Received,2026-01-10,,
APP-2026-1003,Hilltop Dental Care,Priya White,90000,2025-12-01,Janet Morrison,Debt Schedule,Under Review,2026-01-29,,
APP-2026-1003,Hilltop Dental Care,Priya White,90000,2025-12-01,Janet Morrison,Bank Statements (90 day),Expired,2025-07-18,2025-10-16,Expired - needs updated statements
APP-2026-1003,Hilltop Dental Care,Priya White,90000,2025-12-01,Janet Morrison,Insurance Verification,Approved,2026-02-10,2027-02-10,
APP-2026-1003,Hilltop Dental Care,Priya White,90000,2025-12-01,Janet Morrison,Business Financial Statements,Pending,,,
APP-2026-1003,Hilltop Dental Care,Priya White,90000,2025-12-01,Janet Morrison,Business Licenses & Permits,Pending,,,
APP-2026-1003,Hilltop Dental Care,Priya White,90000,2025-12-01,Janet Morrison,Articles of Incorporation,Expired,2026-01-06,,Document expired - replacement requested
APP-2026-1004,Pacific Coast Cleaners,Sarah Kim,100000,2025-11-22,Janet Morrison,Personal Tax Returns (3yr),Pending,,,
APP-2026-1004,Pacific Coast Cleaners,Sarah Kim,100000,2025-11-22,Janet Morrison,Bank Statements (90 day),Received,2026-01-19,2026-04-19,
APP-2026-1004,Pacific Coast Cleaners,Sarah Kim,100000,2025-11-22,Janet Morrison,Articles of Incorporation,Received,2025-12-29,,
APP-2026-1004,Pacific Coast Cleaners,Sarah Kim,100000,2025-11-22,Janet Morrison,SBA Form 1919,Received,2026-01-13,,
APP-2026-1004,Pacific Coast Cleaners,Sarah Kim,100000,2025-11-22,Janet Morrison,Business Financial Statements,Pending,,,
APP-2026-1004,Pacific Coast Cleaners,Sarah Kim,100000,2025-11-22,Janet Morrison,Debt Schedule,Pending,,,
APP-2026-1004,Pacific Coast Cleaners,Sarah Kim,100000,2025-11-22,Janet Morrison,Business Tax Returns (3yr),Under Review,2025-12-09,2028-12-08,Verifying with third party
APP-2026-1004,Pacific Coast Cleaners,Sarah Kim,100000,2025-11-22,Janet Morrison,Ownership Verification,Received,2026-02-08,,
APP-2026-1005,Precision Machine Works,Patricia Chen,210000,2025-10-11,Janet Morrison,Personal Tax Returns (3yr),Received,2025-10-15,2028-10-14,
APP-2026-1005,Precision Machine Works,Patricia Chen,210000,2025-10-11,Janet Morrison,Articles of Incorporation,Received,2026-01-20,,
APP-2026-1005,Precision Machine Works,Patricia Chen,210000,2025-10-11,Janet Morrison,Lease Agreement,Under Review,2025-11-12,,Reviewing for completeness
APP-2026-1005,Precision Machine Works,Patricia Chen,210000,2025-10-11,Janet Morrison,Ownership Verification,Pending,,,
APP-2026-1005,Precision Machine Works,Patricia Chen,210000,2025-10-11,Janet Morrison,Bank Statements (90 day),Not Required,,,Waived per SBA guidelines
APP-2026-1005,Precision Machine Works,Patricia Chen,210000,2025-10-11,Janet Morrison,Business Licenses & Permits,Received,2025-12-24,,
APP-2026-1005,Precision Machine Works,Patricia Chen,210000,2025-10-11,Janet Morrison,Debt Schedule,Not Required,,,Not applicable for this loan type
APP-2026-1005,Precision Machine Works,Patricia Chen,210000,2025-10-11,Janet Morrison,SBA Form 912,Received,2025-10-16,,
APP-2026-1005,Precision Machine Works,Patricia Chen,210000,2025-10-11,Janet Morrison,Business Tax Returns (3yr),Pending,,,
APP-2026-1006,Northstar Accounting,Marcus Lee,100000,2025-09-23,Ricardo Fuentes,Business Tax Returns (3yr),Pending,,,Follow-up call scheduled
APP-2026-1006,Northstar Accounting,Marcus Lee,100000,2025-09-23,Ricardo Fuentes,Debt Schedule,Expired,2026-02-10,,Document expired - replacement requested
APP-2026-1006,Northstar Accounting,Marcus Lee,100000,2025-09-23,Ricardo Fuentes,Insurance Verification,Expired,2025-11-07,2026-11-07,Document expired - replacement requested
APP-2026-1006,Northstar Accounting,Marcus Lee,100000,2025-09-23,Ricardo Fuentes,Bank Statements (90 day),Approved,2025-10-15,2026-01-13,
APP-2026-1006,Northstar Accounting,Marcus Lee,100000,2025-09-23,Ricardo Fuentes,SBA Form 1919,Under Review,2025-12-24,,Minor discrepancy noted
APP-2026-1006,Northstar Accounting,Marcus Lee,100000,2025-09-23,Ricardo Fuentes,Business Financial Statements,Approved,2025-10-12,,
APP-2026-1006,Northstar Accounting,Marcus Lee,100000,2025-09-23,Ricardo Fuentes,SBA Form 912,Under Review,2025-12-11,,Minor discrepancy noted
APP-2026-1006,Northstar Accounting,Marcus Lee,100000,2025-09-23,Ricardo Fuentes,Personal Tax Returns (3yr),Received,2026-02-12,2029-02-11,
APP-2026-1006,Northstar Accounting,Marcus Lee,100000,2025-09-23,Ricardo Fuentes,Ownership Verification,Not Required,,,Waived per SBA guidelines
APP-2026-1006,Northstar Accounting,Marcus Lee,100000,2025-09-23,Ricardo Fuentes,Business Licenses & Permits,Approved,2025-10-23,,
APP-2026-1006,Northstar Accounting,Marcus Lee,100000,2025-09-23,Ricardo Fuentes,Articles of Incorporation,Pending,,,Waiting on borrower
APP-2026-1007,Riverbend Veterinary,Patricia Chen,450000,2025-12-17,Aisha Patel,Debt Schedule,Expired,2025-12-31,,Document expired - replacement requested
APP-2026-1007,Riverbend Veterinary,Patricia Chen,450000,2025-12-17,Aisha Patel,Business Tax Returns (3yr),Under Review,2026-02-03,2029-02-02,
APP-2026-1007,Riverbend Veterinary,Patricia Chen,450000,2025-12-17,Aisha Patel,Business Financial Statements,Pending,,,
APP-2026-1007,Riverbend Veterinary,Patricia Chen,450000,2025-12-17,Aisha Patel,Lease Agreement,Approved,2026-01-02,,
APP-2026-1007,Riverbend Veterinary,Patricia Chen,450000,2025-12-17,Aisha Patel,SBA Form 1919,Received,2026-01-12,,
APP-2026-1007,Riverbend Veterinary,Patricia Chen,450000,2025-12-17,Aisha Patel,Ownership Verification,Approved,2026-02-11,,
APP-2026-1007,Riverbend Veterinary,Patricia Chen,450000,2025-12-17,Aisha Patel,Personal Tax Returns (3yr),Pending,,,Requested from borrower 2/3
APP-2026-1007,Riverbend Veterinary,Patricia Chen,450000,2025-12-17,Aisha Patel,Business Licenses & Permits,Pending,,,
APP-2026-1007,Riverbend Veterinary,Patricia Chen,450000,2025-12-17,Aisha Patel,SBA Form 912,Received,2026-02-04,,
APP-2026-1007,Riverbend Veterinary,Patricia Chen,450000,2025-12-17,Aisha Patel,Articles of Incorporation,Received,2026-01-26,,
APP-2026-1007,Riverbend Veterinary,Patricia Chen,450000,2025-12-17,Aisha Patel,Insurance Verification,Under Review,2025-12-19,2026-12-19,Reviewing for completeness
APP-2026-1007,Riverbend Veterinary,Patricia Chen,450000,2025-12-17,Aisha Patel,Bank Statements (90 day),Pending,,,
APP-2026-1008,Sunrise Bakery,Robert Williams,190000,2025-11-23,Aisha Patel,Business Tax Returns (3yr),Pending,,,Borrower contacted via email
APP-2026-1008,Sunrise Bakery,Robert Williams,190000,2025-11-23,Aisha Patel,Lease Agreement,Received,2026-01-16,,
APP-2026-1008,Sunrise Bakery,Robert Williams,190000,2025-11-23,Aisha Patel,Ownership Verification,Received,2026-02-01,,
APP-2026-1008,Sunrise Bakery,Robert Williams,190000,2025-11-23,Aisha Patel,Personal Tax Returns (3yr),Received,2025-11-24,2028-11-23,
APP-2026-1008,Sunrise Bakery,Robert Williams,190000,2025-11-23,Aisha Patel,Business Licenses & Permits,Under Review,2026-01-11,,Reviewing for completeness
APP-2026-1008,Sunrise Bakery,Robert Williams,190000,2025-11-23,Aisha Patel,Bank Statements (90 day),Under Review,2026-01-09,2026-04-09,
APP-2026-1008,Sunrise Bakery,Robert Williams,190000,2025-11-23,Aisha Patel,Business Financial Statements,Pending,,,
APP-2026-1008,Sunrise Bakery,Robert Williams,190000,2025-11-23,Aisha Patel,SBA Form 1919,Under Review,2025-12-01,,
APP-2026-1008,Sunrise Bakery,Robert Williams,190000,2025-11-23,Aisha Patel,Articles of Incorporation,Received,2026-01-26,,
APP-2026-1009,Crown Jewelers,Robert Taylor,290000,2025-09-10,Ricardo Fuentes,SBA Form 912,Received,2025-11-18,,
APP-2026-1009,Crown Jewelers,Robert Taylor,290000,2025-09-10,Ricardo Fuentes,SBA Form 1919,Under Review,2025-10-16,,
APP-2026-1009,Crown Jewelers,Robert Taylor,290000,2025-09-10,Ricardo Fuentes,Debt Schedule,Expired,2025-11-20,,Document expired - replacement requested
APP-2026-1009,Crown Jewelers,Robert Taylor,290000,2025-09-10,Ricardo Fuentes,Lease Agreement,Received,2026-01-06,,
APP-2026-1009,Crown Jewelers,Robert Taylor,290000,2025-09-10,Ricardo Fuentes,Ownership Verification,Received,2026-02-07,,
APP-2026-1009,Crown Jewelers,Robert Taylor,290000,2025-09-10,Ricardo Fuentes,Insurance Verification,Approved,2025-11-17,2026-11-17,
APP-2026-1009,Crown Jewelers,Robert Taylor,290000,2025-09-10,Ricardo Fuentes,Articles of Incorporation,Pending,,,
APP-2026-1009,Crown Jewelers,Robert Taylor,290000,2025-09-10,Ricardo Fuentes,Business Licenses & Permits,Pending,,,
APP-2026-1009,Crown Jewelers,Robert Taylor,290000,2025-09-10,Ricardo Fuentes,Business Financial Statements,Received,2025-11-20,,
APP-2026-1009,Crown Jewelers,Robert Taylor,290000,2025-09-10,Ricardo Fuentes,Bank Statements (90 day),Received,2025-10-21,2026-01-19,
APP-2026-1010,Bluebird Cafe,Maria Jackson,290000,2025-09-08,Ricardo Fuentes,SBA Form 912,Received,2025-09-11,,
APP-2026-1010,Bluebird Cafe,Maria Jackson,290000,2025-09-08,Ricardo Fuentes,Business Tax Returns (3yr),Received,2026-01-01,2028-12-31,
APP-2026-1010,Bluebird Cafe,Maria Jackson,290000,2025-09-08,Ricardo Fuentes,Debt Schedule,Pending,,,
APP-2026-1010,Bluebird Cafe,Maria Jackson,290000,2025-09-08,Ricardo Fuentes,Insurance Verification,Under Review,2025-09-20,2026-09-20,
APP-2026-1010,Bluebird Cafe,Maria Jackson,290000,2025-09-08,Ricardo Fuentes,SBA Form 1919,Pending,,,
APP-2026-1010,Bluebird Cafe,Maria Jackson,290000,2025-09-08,Ricardo Fuentes,Personal Tax Returns (3yr),Received,2025-09-11,2028-09-10,
APP-2026-1010,Bluebird Cafe,Maria Jackson,290000,2025-09-08,Ricardo Fuentes,Bank Statements (90 day),Under Review,2025-10-23,2026-01-21,Reviewing for completeness
APP-2026-1010,Bluebird Cafe,Maria Jackson,290000,2025-09-08,Ricardo Fuentes,Lease Agreement,Pending,,,
APP-2026-1010,Bluebird Cafe,Maria Jackson,290000,2025-09-08,Ricardo Fuentes,Business Financial Statements,Approved,2026-01-16,,
APP-2026-1010,Bluebird Cafe,Maria Jackson,290000,2025-09-08,Ricardo Fuentes,Business Licenses & Permits,Pending,,,
APP-2026-1010,Bluebird Cafe,Maria Jackson,290000,2025-09-08,Ricardo Fuentes,Articles of Incorporation,Pending,,,
APP-2026-1010,Bluebird Cafe,Maria Jackson,290000,2025-09-08,Ricardo Fuentes,Ownership Verification,Pending,,,Borrower contacted via email
APP-2026-1011,GreenLeaf Landscaping,Carlos Martinez,440000,2026-01-26,Ricardo Fuentes,Business Licenses & Permits,Pending,,,Follow-up call scheduled
APP-2026-1011,GreenLeaf Landscaping,Carlos Martinez,440000,2026-01-26,Ricardo Fuentes,Business Financial Statements,Pending,,,Requested from borrower 2/3
APP-2026-1011,GreenLeaf Landscaping,Carlos Martinez,440000,2026-01-26,Ricardo Fuentes,Ownership Verification,Pending,,,
APP-2026-1011,GreenLeaf Landscaping,Carlos Martinez,440000,2026-01-26,Ricardo Fuentes,Articles of Incorporation,Received,2026-02-09,,
APP-2026-1011,GreenLeaf Landscaping,Carlos Martinez,440000,2026-01-26,Ricardo Fuentes,Lease Agreement,Pending,,,
APP-2026-1011,GreenLeaf Landscaping,Carlos Martinez,440000,2026-01-26,Ricardo Fuentes,Personal Tax Returns (3yr),Approved,2026-02-06,2029-02-05,
APP-2026-1011,GreenLeaf Landscaping,Carlos Martinez,440000,2026-01-26,Ricardo Fuentes,Business Tax Returns (3yr),Approved,2026-02-10,2029-02-09,
APP-2026-1011,GreenLeaf Landscaping,Carlos Martinez,440000,2026-01-26,Ricardo Fuentes,Debt Schedule,Pending,,,
APP-2026-1011,GreenLeaf Landscaping,Carlos Martinez,440000,2026-01-26,Ricardo Fuentes,SBA Form 1919,Pending,,,
APP-2026-1012,Zenith Engineering,Jerome Rodriguez,180000,2025-11-21,Ricardo Fuentes,Insurance Verification,Pending,,,
APP-2026-1012,Zenith Engineering,Jerome Rodriguez,180000,2025-11-21,Ricardo Fuentes,Bank Statements (90 day),Received,2025-12-21,2026-03-21,
APP-2026-1012,Zenith Engineering,Jerome Rodriguez,180000,2025-11-21,Ricardo Fuentes,Ownership Verification,Pending,,,Borrower contacted via email
APP-2026-1012,Zenith Engineering,Jerome Rodriguez,180000,2025-11-21,Ricardo Fuentes,Debt Schedule,Pending,,,
APP-2026-1012,Zenith Engineering,Jerome Rodriguez,180000,2025-11-21,Ricardo Fuentes,Business Tax Returns (3yr),Not Required,,,Waived per SBA guidelines
APP-2026-1012,Zenith Engineering,Jerome Rodriguez,180000,2025-11-21,Ricardo Fuentes,SBA Form 1919,Approved,2025-12-07,,
APP-2026-1012,Zenith Engineering,Jerome Rodriguez,180000,2025-11-21,Ricardo Fuentes,Lease Agreement,Pending,,,
APP-2026-1012,Zenith Engineering,Jerome Rodriguez,180000,2025-11-21,Ricardo Fuentes,Business Licenses & Permits,Received,2025-12-07,,
APP-2026-1012,Zenith Engineering,Jerome Rodriguez,180000,2025-11-21,Ricardo Fuentes,SBA Form 912,Under Review,2026-01-17,,Minor discrepancy noted
APP-2026-1012,Zenith Engineering,Jerome Rodriguez,180000,2025-11-21,Ricardo Fuentes,Business Financial Statements,Under Review,2025-11-27,,Verifying with third party
APP-2026-1012,Zenith Engineering,Jerome Rodriguez,180000,2025-11-21,Ricardo Fuentes,Personal Tax Returns (3yr),Expired,2026-01-10,2029-01-09,Document expired - replacement requested
APP-2026-1012,Zenith Engineering,Jerome Rodriguez,180000,2025-11-21,Ricardo Fuentes,Articles of Incorporation,Received,2026-01-19,,
APP-2026-1013,Pinnacle Real Estate,Robert Thompson,170000,2025-10-22,Janet Morrison,SBA Form 912,Received,2026-02-07,,
APP-2026-1013,Pinnacle Real Estate,Robert Thompson,170000,2025-10-22,Janet Morrison,SBA Form 1919,Under Review,2026-01-11,,Reviewing for completeness
APP-2026-1013,Pinnacle Real Estate,Robert Thompson,170000,2025-10-22,Janet Morrison,Insurance Verification,Pending,,,
APP-2026-1013,Pinnacle Real Estate,Robert Thompson,170000,2025-10-22,Janet Morrison,Business Financial Statements,Approved,2025-11-01,,
APP-2026-1013,Pinnacle Real Estate,Robert Thompson,170000,2025-10-22,Janet Morrison,Bank Statements (90 day),Under Review,2026-01-15,2026-04-15,
APP-2026-1013,Pinnacle Real Estate,Robert Thompson,170000,2025-10-22,Janet Morrison,Personal Tax Returns (3yr),Pending,,,Follow-up call scheduled
APP-2026-1013,Pinnacle Real Estate,Robert Thompson,170000,2025-10-22,Janet Morrison,Articles of Incorporation,Approved,2025-11-13,,
APP-2026-1013,Pinnacle Real Estate,Robert Thompson,170000,2025-10-22,Janet Morrison,Lease Agreement,Approved,2025-12-04,,
APP-2026-1013,Pinnacle Real Estate,Robert Thompson,170000,2025-10-22,Janet Morrison,Business Tax Returns (3yr),Received,2025-10-23,2028-10-22,
APP-2026-1013,Pinnacle Real Estate,Robert Thompson,170000,2025-10-22,Janet Morrison,Business Licenses & Permits,Under Review,2026-01-13,,Reviewing for completeness
APP-2026-1013,Pinnacle Real Estate,Robert Thompson,170000,2025-10-22,Janet Morrison,Debt Schedule,Received,2026-01-04,,
APP-2026-1014,Ace Hardware Downtown,Sarah Martinez,490000,2025-09-05,Aisha Patel,Business Tax Returns (3yr),Pending,,,Waiting on borrower
APP-2026-1014,Ace Hardware Downtown,Sarah Martinez,490000,2025-09-05,Aisha Patel,Lease Agreement,Under Review,2025-11-27,,
APP-2026-1014,Ace Hardware Downtown,Sarah Martinez,490000,2025-09-05,Aisha Patel,SBA Form 1919,Received,2025-12-29,,
APP-2026-1014,Ace Hardware Downtown,Sarah Martinez,490000,2025-09-05,Aisha Patel,Articles of Incorporation,Received,2025-09-14,,
APP-2026-1014,Ace Hardware Downtown,Sarah Martinez,490000,2025-09-05,Aisha Patel,SBA Form 912,Expired,2025-09-19,,Document expired - replacement requested
APP-2026-1014,Ace Hardware Downtown,Sarah Martinez,490000,2025-09-05,Aisha Patel,Business Licenses & Permits,Approved,2026-01-11,,
APP-2026-1014,Ace Hardware Downtown,Sarah Martinez,490000,2025-09-05,Aisha Patel,Insurance Verification,Pending,,,
APP-2026-1014,Ace Hardware Downtown,Sarah Martinez,490000,2025-09-05,Aisha Patel,Personal Tax Returns (3yr),Pending,,,
APP-2026-1015,Diamond Auto Body,Wei Chen,500000,2025-11-12,Aisha Patel,SBA Form 912,Received,2025-12-12,,
APP-2026-1015,Diamond Auto Body,Wei Chen,500000,2025-11-12,Aisha Patel,SBA Form 1919,Received,2026-01-26,,
APP-2026-1015,Diamond Auto Body,Wei Chen,500000,2025-11-12,Aisha Patel,Business Licenses & Permits,Pending,,,
APP-2026-1015,Diamond Auto Body,Wei Chen,500000,2025-11-12,Aisha Patel,Ownership Verification,Pending,,,
APP-2026-1015,Diamond Auto Body,Wei Chen,500000,2025-11-12,Aisha Patel,Business Financial Statements,Pending,,,
APP-2026-1015,Diamond Auto Body,Wei Chen,500000,2025-11-12,Aisha Patel,Bank Statements (90 day),Pending,,,
APP-2026-1015,Diamond Auto Body,Wei Chen,500000,2025-11-12,Aisha Patel,Lease Agreement,Under Review,2026-01-20,,Verifying with third party
APP-2026-1015,Diamond Auto Body,Wei Chen,500000,2025-11-12,Aisha Patel,Debt Schedule,Pending,,,
APP-2026-1016,Delta Logistics,Carlos Wilson,180000,2025-11-06,Ricardo Fuentes,Articles of Incorporation,Received,2026-02-07,,
APP-2026-1016,Delta Logistics,Carlos Wilson,180000,2025-11-06,Ricardo Fuentes,SBA Form 1919,Pending,,,
APP-2026-1016,Delta Logistics,Carlos Wilson,180000,2025-11-06,Ricardo Fuentes,Debt Schedule,Received,2025-12-11,,
APP-2026-1016,Delta Logistics,Carlos Wilson,180000,2025-11-06,Ricardo Fuentes,Bank Statements (90 day),Received,2026-01-24,2026-04-24,
APP-2026-1016,Delta Logistics,Carlos Wilson,180000,2025-11-06,Ricardo Fuentes,Business Financial Statements,Approved,2025-11-16,,
APP-2026-1016,Delta Logistics,Carlos Wilson,180000,2025-11-06,Ricardo Fuentes,Insurance Verification,Approved,2025-11-17,2026-11-17,
APP-2026-1016,Delta Logistics,Carlos Wilson,180000,2025-11-06,Ricardo Fuentes,Lease Agreement,Expired,2025-11-16,,Document expired - replacement requested
APP-2026-1016,Delta Logistics,Carlos Wilson,180000,2025-11-06,Ricardo Fuentes,Business Licenses & Permits,Expired,2026-01-25,,Document expired - replacement requested
APP-2026-1016,Delta Logistics,Carlos Wilson,180000,2025-11-06,Ricardo Fuentes,SBA Form 912,Approved,2025-11-19,,
APP-2026-1016,Delta Logistics,Carlos Wilson,180000,2025-11-06,Ricardo Fuentes,Business Tax Returns (3yr),Pending,,,
APP-2026-1017,First Choice Printing,Wei Martin,340000,2025-09-12,Ricardo Fuentes,Business Tax Returns (3yr),Approved,2025-12-03,2028-12-02,
APP-2026-1017,First Choice Printing,Wei Martin,340000,2025-09-12,Ricardo Fuentes,SBA Form 1919,Under Review,2026-01-13,,Reviewing for completeness
APP-2026-1017,First Choice Printing,Wei Martin,340000,2025-09-12,Ricardo Fuentes,Ownership Verification,Received,2025-10-08,,
APP-2026-1017,First Choice Printing,Wei Martin,340000,2025-09-12,Ricardo Fuentes,Lease Agreement,Approved,2026-02-06,,
APP-2026-1017,First Choice Printing,Wei Martin,340000,2025-09-12,Ricardo Fuentes,Personal Tax Returns (3yr),Not Required,,,Not applicable for this loan type
APP-2026-1017,First Choice Printing,Wei Martin,340000,2025-09-12,Ricardo Fuentes,Business Financial Statements,Under Review,2025-12-04,,
APP-2026-1017,First Choice Printing,Wei Martin,340000,2025-09-12,Ricardo Fuentes,Insurance Verification,Received,2025-11-23,2026-11-23,
APP-2026-1017,First Choice Printing,Wei Martin,340000,2025-09-12,Ricardo Fuentes,Articles of Incorporation,Under Review,2026-01-04,,Minor discrepancy noted
APP-2026-1017,First Choice Printing,Wei Martin,340000,2025-09-12,Ricardo Fuentes,Debt Schedule,Received,2025-10-19,,
APP-2026-1018,Central Valley Farms,Nina Garcia,90000,2025-11-04,Ricardo Fuentes,Lease Agreement,Approved,2026-01-29,,
APP-2026-1018,Central Valley Farms,Nina Garcia,90000,2025-11-04,Ricardo Fuentes,Debt Schedule,Approved,2026-02-05,,
APP-2026-1018,Central Valley Farms,Nina Garcia,90000,2025-11-04,Ricardo Fuentes,Business Tax Returns (3yr),Under Review,2026-01-26,2029-01-25,Verifying with third party
APP-2026-1018,Central Valley Farms,Nina Garcia,90000,2025-11-04,Ricardo Fuentes,Personal Tax Returns (3yr),Pending,,,
APP-2026-1018,Central Valley Farms,Nina Garcia,90000,2025-11-04,Ricardo Fuentes,Insurance Verification,Pending,,,
APP-2026-1018,Central Valley Farms,Nina Garcia,90000,2025-11-04,Ricardo Fuentes,SBA Form 1919,Not Required,,,Exempt - sole proprietorship
APP-2026-1018,Central Valley Farms,Nina Garcia,90000,2025-11-04,Ricardo Fuentes,Bank Statements (90 day),Received,2025-12-22,2026-03-22,
APP-2026-1018,Central Valley Farms,Nina Garcia,90000,2025-11-04,Ricardo Fuentes,Business Financial Statements,Approved,2025-12-09,,
APP-2026-1018,Central Valley Farms,Nina Garcia,90000,2025-11-04,Ricardo Fuentes,Business Licenses & Permits,Under Review,2025-12-07,,
APP-2026-1018,Central Valley Farms,Nina Garcia,90000,2025-11-04,Ricardo Fuentes,Ownership Verification,Pending,,,
APP-2026-1018,Central Valley Farms,Nina Garcia,90000,2025-11-04,Ricardo Fuentes,Articles of Incorporation,Pending,,,
APP-2026-1018,Central Valley Farms,Nina Garcia,90000,2025-11-04,Ricardo Fuentes,SBA Form 912,Received,2026-01-23,,
APP-2026-1019,Premier Staffing Group,Carlos Thompson,370000,2025-10-12,Janet Morrison,Business Financial Statements,Not Required,,,Exempt - sole proprietorship
APP-2026-1019,Premier Staffing Group,Carlos Thompson,370000,2025-10-12,Janet Morrison,Debt Schedule,Received,2025-11-15,,
APP-2026-1019,Premier Staffing Group,Carlos Thompson,370000,2025-10-12,Janet Morrison,SBA Form 912,Expired,2025-12-04,,Document expired - replacement requested
APP-2026-1019,Premier Staffing Group,Carlos Thompson,370000,2025-10-12,Janet Morrison,Ownership Verification,Under Review,2025-10-19,,Reviewing for completeness
APP-2026-1019,Premier Staffing Group,Carlos Thompson,370000,2025-10-12,Janet Morrison,SBA Form 1919,Approved,2026-02-10,,
APP-2026-1019,Premier Staffing Group,Carlos Thompson,370000,2025-10-12,Janet Morrison,Bank Statements (90 day),Approved,2025-12-07,2026-03-07,
APP-2026-1019,Premier Staffing Group,Carlos Thompson,370000,2025-10-12,Janet Morrison,Lease Agreement,Received,2026-02-12,,
APP-2026-1019,Premier Staffing Group,Carlos Thompson,370000,2025-10-12,Janet Morrison,Personal Tax Returns (3yr),Received,2026-01-15,2029-01-14,
APP-2026-1019,Premier Staffing Group,Carlos Thompson,370000,2025-10-12,Janet Morrison,Business Tax Returns (3yr),Approved,2025-11-07,2028-11-06,
APP-2026-1019,Premier Staffing Group,Carlos Thompson,370000,2025-10-12,Janet Morrison,Business Licenses & Permits,Pending,,,
APP-2026-1019,Premier Staffing Group,Carlos Thompson,370000,2025-10-12,Janet Morrison,Articles of Incorporation,Pending,,,
APP-2026-1019,Premier Staffing Group,Carlos Thompson,370000,2025-10-12,Janet Morrison,Insurance Verification,Approved,2026-01-09,2027-01-09,
APP-2026-1020,Silver Lining Bakery,Keiko Jackson,340000,2025-11-03,Janet Morrison,Business Tax Returns (3yr),Pending,,,
APP-2026-1020,Silver Lining Bakery,Keiko Jackson,340000,2025-11-03,Janet Morrison,Lease Agreement,Approved,2026-01-25,,
APP-2026-1020,Silver Lining Bakery,Keiko Jackson,340000,2025-11-03,Janet Morrison,Business Licenses & Permits,Pending,,,
APP-2026-1020,Silver Lining Bakery,Keiko Jackson,340000,2025-11-03,Janet Morrison,Business Financial Statements,Received,2026-01-08,,
APP-2026-1020,Silver Lining Bakery,Keiko Jackson,340000,2025-11-03,Janet Morrison,Insurance Verification,Pending,,,
APP-2026-1020,Silver Lining Bakery,Keiko Jackson,340000,2025-11-03,Janet Morrison,SBA Form 1919,Pending,,,
APP-2026-1020,Silver Lining Bakery,Keiko Jackson,340000,2025-11-03,Janet Morrison,Debt Schedule,Pending,,,Follow-up call scheduled
APP-2026-1020,Silver Lining Bakery,Keiko Jackson,340000,2025-11-03,Janet Morrison,Ownership Verification,Received,2025-12-04,,
APP-2026-1020,Silver Lining Bakery,Keiko Jackson,340000,2025-11-03,Janet Morrison,SBA Form 912,Approved,2025-11-28,,
APP-2026-1021,Dreamscape Design,Omar Nguyen,350000,2025-11-04,Janet Morrison,Business Licenses & Permits,Approved,2026-02-04,,
APP-2026-1021,Dreamscape Design,Omar Nguyen,350000,2025-11-04,Janet Morrison,Business Tax Returns (3yr),Pending,,,Waiting on borrower
APP-2026-1021,Dreamscape Design,Omar Nguyen,350000,2025-11-04,Janet Morrison,Personal Tax Returns (3yr),Received,2025-12-02,2028-12-01,
APP-2026-1021,Dreamscape Design,Omar Nguyen,350000,2025-11-04,Janet Morrison,Debt Schedule,Approved,2025-12-09,,
APP-2026-1021,Dreamscape Design,Omar Nguyen,350000,2025-11-04,Janet Morrison,SBA Form 1919,Approved,2025-11-17,,
APP-2026-1021,Dreamscape Design,Omar Nguyen,350000,2025-11-04,Janet Morrison,SBA Form 912,Pending,,,
APP-2026-1021,Dreamscape Design,Omar Nguyen,350000,2025-11-04,Janet Morrison,Bank Statements (90 day),Received,2025-11-09,2026-02-07,
APP-2026-1021,Dreamscape Design,Omar Nguyen,350000,2025-11-04,Janet Morrison,Ownership Verification,Received,2025-11-29,,
APP-2026-1021,Dreamscape Design,Omar Nguyen,350000,2025-11-04,Janet Morrison,Lease Agreement,Pending,,,Second request sent
APP-2026-1021,Dreamscape Design,Omar Nguyen,350000,2025-11-04,Janet Morrison,Business Financial Statements,Received,2026-01-08,,
APP-2026-1022,Coastal Roofing LLC,Wei White,110000,2025-11-10,Ricardo Fuentes,Business Financial Statements,Received,2026-02-06,,
APP-2026-1022,Coastal Roofing LLC,Wei White,110000,2025-11-10,Ricardo Fuentes,Articles of Incorporation,Pending,,,Waiting on borrower
APP-2026-1022,Coastal Roofing LLC,Wei White,110000,2025-11-10,Ricardo Fuentes,SBA Form 1919,Approved,2025-11-27,,
APP-2026-1022,Coastal Roofing LLC,Wei White,110000,2025-11-10,Ricardo Fuentes,Personal Tax Returns (3yr),Under Review,2025-12-08,2028-12-07,Verifying with third party
APP-2026-1022,Coastal Roofing LLC,Wei White,110000,2025-11-10,Ricardo Fuentes,Debt Schedule,Pending,,,
APP-2026-1022,Coastal Roofing LLC,Wei White,110000,2025-11-10,Ricardo Fuentes,Insurance Verification,Pending,,,Waiting on borrower
APP-2026-1022,Coastal Roofing LLC,Wei White,110000,2025-11-10,Ricardo Fuentes,Lease Agreement,Expired,2025-12-19,,Document expired - replacement requested
APP-2026-1022,Coastal Roofing LLC,Wei White,110000,2025-11-10,Ricardo Fuentes,SBA Form 912,Received,2026-01-27,,
APP-2026-1022,Coastal Roofing LLC,Wei White,110000,2025-11-10,Ricardo Fuentes,Business Tax Returns (3yr),Pending,,,
APP-2026-1022,Coastal Roofing LLC,Wei White,110000,2025-11-10,Ricardo Fuentes,Ownership Verification,Approved,2025-12-31,,
APP-2026-1023,Mountain View Plumbing,Yuki Harris,140000,2026-01-11,Janet Morrison,Debt Schedule,Received,2026-01-31,,
APP-2026-1023,Mountain View Plumbing,Yuki Harris,140000,2026-01-11,Janet Morrison,Business Licenses & Permits,Pending,,,
APP-2026-1023,Mountain View Plumbing,Yuki Harris,140000,2026-01-11,Janet Morrison,Business Tax Returns (3yr),Approved,2026-01-26,2029-01-25,
APP-2026-1023,Mountain View Plumbing,Yuki Harris,140000,2026-01-11,Janet Morrison,SBA Form 1919,Pending,,,
APP-2026-1023,Mountain View Plumbing,Yuki Harris,140000,2026-01-11,Janet Morrison,Bank Statements (90 day),Pending,,,
APP-2026-1023,Mountain View Plumbing,Yuki Harris,140000,2026-01-11,Janet Morrison,Articles of Incorporation,Received,2026-01-28,,
APP-2026-1023,Mountain View Plumbing,Yuki Harris,140000,2026-01-11,Janet Morrison,Personal Tax Returns (3yr),Pending,,,Second request sent
APP-2026-1023,Mountain View Plumbing,Yuki Harris,140000,2026-01-11,Janet Morrison,Insurance Verification,Received,2026-02-06,2027-02-06,
APP-2026-1023,Mountain View Plumbing,Yuki Harris,140000,2026-01-11,Janet Morrison,Ownership Verification,Pending,,,
APP-2026-1023,Mountain View Plumbing,Yuki Harris,140000,2026-01-11,Janet Morrison,Lease Agreement,Received,2026-02-01,,
APP-2026-1023,Mountain View Plumbing,Yuki Harris,140000,2026-01-11,Janet Morrison,Business Financial Statements,Approved,2026-02-01,,
APP-2026-1024,Hometown Pharmacy,Elena Jackson,80000,2025-12-04,Aisha Patel,Bank Statements (90 day),Under Review,2026-01-31,2026-05-01,Verifying with third party
APP-2026-1024,Hometown Pharmacy,Elena Jackson,80000,2025-12-04,Aisha Patel,Personal Tax Returns (3yr),Pending,,,Follow-up call scheduled
APP-2026-1024,Hometown Pharmacy,Elena Jackson,80000,2025-12-04,Aisha Patel,Business Financial Statements,Approved,2026-01-03,,
APP-2026-1024,Hometown Pharmacy,Elena Jackson,80000,2025-12-04,Aisha Patel,Lease Agreement,Under Review,2025-12-19,,
APP-2026-1024,Hometown Pharmacy,Elena Jackson,80000,2025-12-04,Aisha Patel,Articles of Incorporation,Received,2025-12-25,,
APP-2026-1024,Hometown Pharmacy,Elena Jackson,80000,2025-12-04,Aisha Patel,SBA Form 912,Received,2025-12-27,,
APP-2026-1024,Hometown Pharmacy,Elena Jackson,80000,2025-12-04,Aisha Patel,Business Tax Returns (3yr),Pending,,,
APP-2026-1024,Hometown Pharmacy,Elena Jackson,80000,2025-12-04,Aisha Patel,Business Licenses & Permits,Approved,2026-01-03,,
APP-2026-1024,Hometown Pharmacy,Elena Jackson,80000,2025-12-04,Aisha Patel,Debt Schedule,Pending,,,
APP-2026-1024,Hometown Pharmacy,Elena Jackson,80000,2025-12-04,Aisha Patel,Ownership Verification,Pending,,,Waiting on borrower
APP-2026-1024,Hometown Pharmacy,Elena Jackson,80000,2025-12-04,Aisha Patel,SBA Form 1919,Approved,2026-01-17,,
APP-2026-1024,Hometown Pharmacy,Elena Jackson,80000,2025-12-04,Aisha Patel,Insurance Verification,Pending,,,Borrower contacted via email
APP-2026-1025,Urban Fit Gym,Fatima Johnson,150000,2025-12-09,Janet Morrison,Insurance Verification,Received,2026-01-12,2027-01-12,
APP-2026-1025,Urban Fit Gym,Fatima Johnson,150000,2025-12-09,Janet Morrison,Business Financial Statements,Pending,,,Borrower contacted via email
APP-2026-1025,Urban Fit Gym,Fatima Johnson,150000,2025-12-09,Janet Morrison,Lease Agreement,Received,2025-12-31,,
APP-2026-1025,Urban Fit Gym,Fatima Johnson,150000,2025-12-09,Janet Morrison,SBA Form 912,Received,2026-02-01,,
APP-2026-1025,Urban Fit Gym,Fatima Johnson,150000,2025-12-09,Janet Morrison,Business Licenses & Permits,Not Required,,,Waived per SBA guidelines
APP-2026-1025,Urban Fit Gym,Fatima Johnson,150000,2025-12-09,Janet Morrison,Articles of Incorporation,Pending,,,Second request sent
APP-2026-1025,Urban Fit Gym,Fatima Johnson,150000,2025-12-09,Janet Morrison,SBA Form 1919,Pending,,,Follow-up call scheduled
APP-2026-1025,Urban Fit Gym,Fatima Johnson,150000,2025-12-09,Janet Morrison,Business Tax Returns (3yr),Not Required,,,Waived per SBA guidelines
APP-2026-1025,Urban Fit Gym,Fatima Johnson,150000,2025-12-09,Janet Morrison,Personal Tax Returns (3yr),Received,2026-02-08,2029-02-07,
APP-2026-1025,Urban Fit Gym,Fatima Johnson,150000,2025-12-09,Janet Morrison,Debt Schedule,Under Review,2026-01-23,,
APP-2026-1026,Rapid Delivery Co,Yuki Anderson,190000,2025-12-15,Aisha Patel,Business Tax Returns (3yr),Received,2026-01-29,2029-01-28,
APP-2026-1026,Rapid Delivery Co,Yuki Anderson,190000,2025-12-15,Aisha Patel,Ownership Verification,Under Review,2025-12-16,,Reviewing for completeness
APP-2026-1026,Rapid Delivery Co,Yuki Anderson,190000,2025-12-15,Aisha Patel,Insurance Verification,Approved,2025-12-17,2026-12-17,
APP-2026-1026,Rapid Delivery Co,Yuki Anderson,190000,2025-12-15,Aisha Patel,Personal Tax Returns (3yr),Pending,,,Requested from borrower 2/3
APP-2026-1026,Rapid Delivery Co,Yuki Anderson,190000,2025-12-15,Aisha Patel,Bank Statements (90 day),Under Review,2025-12-20,2026-03-20,Verifying with third party
APP-2026-1026,Rapid Delivery Co,Yuki Anderson,190000,2025-12-15,Aisha Patel,Debt Schedule,Pending,,,Waiting on borrower
APP-2026-1026,Rapid Delivery Co,Yuki Anderson,190000,2025-12-15,Aisha Patel,Articles of Incorporation,Under Review,2026-01-12,,Reviewing for completeness
APP-2026-1026,Rapid Delivery Co,Yuki Anderson,190000,2025-12-15,Aisha Patel,Lease Agreement,Received,2025-12-25,,
APP-2026-1026,Rapid Delivery Co,Yuki Anderson,190000,2025-12-15,Aisha Patel,Business Financial Statements,Approved,2026-01-26,,
APP-2026-1026,Rapid Delivery Co,Yuki Anderson,190000,2025-12-15,Aisha Patel,SBA Form 912,Expired,2026-01-09,,Document expired - replacement requested
APP-2026-1026,Rapid Delivery Co,Yuki Anderson,190000,2025-12-15,Aisha Patel,SBA Form 1919,Approved,2026-01-15,,
APP-2026-1026,Rapid Delivery Co,Yuki Anderson,190000,2025-12-15,Aisha Patel,Business Licenses & Permits,Approved,2025-12-19,,
APP-2026-1027,Keystone Property Mgmt,Carlos Clark,440000,2025-12-01,Ricardo Fuentes,SBA Form 912,Not Required,,,Waived per SBA guidelines
APP-2026-1027,Keystone Property Mgmt,Carlos Clark,440000,2025-12-01,Ricardo Fuentes,Business Licenses & Permits,Pending,,,Borrower contacted via email
APP-2026-1027,Keystone Property Mgmt,Carlos Clark,440000,2025-12-01,Ricardo Fuentes,Business Financial Statements,Not Required,,,Exempt - sole proprietorship
APP-2026-1027,Keystone Property Mgmt,Carlos Clark,440000,2025-12-01,Ricardo Fuentes,Lease Agreement,Pending,,,
APP-2026-1027,Keystone Property Mgmt,Carlos Clark,440000,2025-12-01,Ricardo Fuentes,Business Tax Returns (3yr),Pending,,,
APP-2026-1027,Keystone Property Mgmt,Carlos Clark,440000,2025-12-01,Ricardo Fuentes,SBA Form 1919,Expired,2025-12-14,,Document expired - replacement requested
APP-2026-1027,Keystone Property Mgmt,Carlos Clark,440000,2025-12-01,Ricardo Fuentes,Personal Tax Returns (3yr),Expired,2026-01-26,2029-01-25,Document expired - replacement requested
APP-2026-1027,Keystone Property Mgmt,Carlos Clark,440000,2025-12-01,Ricardo Fuentes,Bank Statements (90 day),Pending,,,
APP-2026-1027,Keystone Property Mgmt,Carlos Clark,440000,2025-12-01,Ricardo Fuentes,Articles of Incorporation,Received,2026-01-10,,
APP-2026-1028,Good Earth Organics,Sarah Rodriguez,200000,2025-12-11,Janet Morrison,Business Tax Returns (3yr),Approved,2026-02-06,2029-02-05,
APP-2026-1028,Good Earth Organics,Sarah Rodriguez,200000,2025-12-11,Janet Morrison,Bank Statements (90 day),Received,2025-12-30,2026-03-30,
APP-2026-1028,Good Earth Organics,Sarah Rodriguez,200000,2025-12-11,Janet Morrison,Insurance Verification,Pending,,,
APP-2026-1028,Good Earth Organics,Sarah Rodriguez,200000,2025-12-11,Janet Morrison,SBA Form 912,Received,2026-01-03,,
APP-2026-1028,Good Earth Organics,Sarah Rodriguez,200000,2025-12-11,Janet Morrison,Business Licenses & Permits,Under Review,2026-01-17,,Reviewing for completeness
APP-2026-1028,Good Earth Organics,Sarah Rodriguez,200000,2025-12-11,Janet Morrison,Ownership Verification,Approved,2026-01-14,,
APP-2026-1028,Good Earth Organics,Sarah Rodriguez,200000,2025-12-11,Janet Morrison,Lease Agreement,Expired,2026-02-11,,Document expired - replacement requested
APP-2026-1028,Good Earth Organics,Sarah Rodriguez,200000,2025-12-11,Janet Morrison,Business Financial Statements,Pending,,,
APP-2026-1028,Good Earth Organics,Sarah Rodriguez,200000,2025-12-11,Janet Morrison,Articles of Incorporation,Expired,2025-12-30,,Document expired - replacement requested
APP-2026-1029,Valley Auto Glass,Jerome Garcia,160000,2025-10-31,Janet Morrison,Lease Agreement,Approved,2026-01-17,,
APP-2026-1029,Valley Auto Glass,Jerome Garcia,160000,2025-10-31,Janet Morrison,Articles of Incorporation,Approved,2025-12-19,,
APP-2026-1029,Valley Auto Glass,Jerome Garcia,160000,2025-10-31,Janet Morrison,Business Tax Returns (3yr),Approved,2026-02-03,2029-02-02,
APP-2026-1029,Valley Auto Glass,Jerome Garcia,160000,2025-10-31,Janet Morrison,Personal Tax Returns (3yr),Pending,,,Waiting on borrower
APP-2026-1029,Valley Auto Glass,Jerome Garcia,160000,2025-10-31,Janet Morrison,Insurance Verification,Not Required,,,Exempt - sole proprietorship
APP-2026-1029,Valley Auto Glass,Jerome Garcia,160000,2025-10-31,Janet Morrison,SBA Form 912,Pending,,,Borrower contacted via email
APP-2026-1029,Valley Auto Glass,Jerome Garcia,160000,2025-10-31,Janet Morrison,SBA Form 1919,Expired,2025-11-03,,Document expired - replacement requested
APP-2026-1029,Valley Auto Glass,Jerome Garcia,160000,2025-10-31,Janet Morrison,Ownership Verification,Pending,,,
APP-2026-1029,Valley Auto Glass,Jerome Garcia,160000,2025-10-31,Janet Morrison,Bank Statements (90 day),Not Required,,,Not applicable for this loan type
APP-2026-1029,Valley Auto Glass,Jerome Garcia,160000,2025-10-31,Janet Morrison,Business Licenses & Permits,Pending,,,Borrower contacted via email
APP-2026-1029,Valley Auto Glass,Jerome Garcia,160000,2025-10-31,Janet Morrison,Business Financial Statements,Received,2025-11-04,,
APP-2026-1030,Canyon Creek Ranch,Fatima Harris,220000,2026-01-29,Ricardo Fuentes,Business Licenses & Permits,Pending,,,
APP-2026-1030,Canyon Creek Ranch,Fatima Harris,220000,2026-01-29,Ricardo Fuentes,Ownership Verification,Under Review,2026-02-04,,
APP-2026-1030,Canyon Creek Ranch,Fatima Harris,220000,2026-01-29,Ricardo Fuentes,Articles of Incorporation,Under Review,2026-02-07,,
APP-2026-1030,Canyon Creek Ranch,Fatima Harris,220000,2026-01-29,Ricardo Fuentes,Insurance Verification,Pending,,,
APP-2026-1030,Canyon Creek Ranch,Fatima Harris,220000,2026-01-29,Ricardo Fuentes,SBA Form 1919,Received,2026-02-09,,
APP-2026-1030,Canyon Creek Ranch,Fatima Harris,220000,2026-01-29,Ricardo Fuentes,Business Financial Statements,Approved,2026-02-05,,
APP-2026-1030,Canyon Creek Ranch,Fatima Harris,220000,2026-01-29,Ricardo Fuentes,Bank Statements (90 day),Approved,2026-01-31,2026-05-01,
APP-2026-1030,Canyon Creek Ranch,Fatima Harris,220000,2026-01-29,Ricardo Fuentes,Personal Tax Returns (3yr),Received,2026-02-09,2029-02-08,
APP-2026-1030,Canyon Creek Ranch,Fatima Harris,220000,2026-01-29,Ricardo Fuentes,Lease Agreement,Received,2026-02-04,,
APP-2026-1030,Canyon Creek Ranch,Fatima Harris,220000,2026-01-29,Ricardo Fuentes,Debt Schedule,Received,2026-01-31,,
APP-2026-1030,Canyon Creek Ranch,Fatima Harris,220000,2026-01-29,Ricardo Fuentes,Business Tax Returns (3yr),Expired,2026-02-02,2029-02-01,Document expired - replacement requested
APP-2026-1031,Noble Gas Station,Robert Thompson,500000,2025-10-15,Janet Morrison,Business Tax Returns (3yr),Received,2025-11-17,2028-11-16,
APP-2026-1031,Noble Gas Station,Robert Thompson,500000,2025-10-15,Janet Morrison,SBA Form 912,Under Review,2026-02-02,,
APP-2026-1031,Noble Gas Station,Robert Thompson,500000,2025-10-15,Janet Morrison,Personal Tax Returns (3yr),Pending,,,
APP-2026-1031,Noble Gas Station,Robert Thompson,500000,2025-10-15,Janet Morrison,Bank Statements (90 day),Under Review,2026-01-07,2026-04-07,
APP-2026-1031,Noble Gas Station,Robert Thompson,500000,2025-10-15,Janet Morrison,Business Financial Statements,Expired,2025-11-27,,Document expired - replacement requested
APP-2026-1031,Noble Gas Station,Robert Thompson,500000,2025-10-15,Janet Morrison,Business Licenses & Permits,Approved,2025-10-31,,
APP-2026-1031,Noble Gas Station,Robert Thompson,500000,2025-10-15,Janet Morrison,SBA Form 1919,Not Required,,,Not applicable for this loan type
APP-2026-1031,Noble Gas Station,Robert Thompson,500000,2025-10-15,Janet Morrison,Articles of Incorporation,Approved,2026-02-04,,
APP-2026-1031,Noble Gas Station,Robert Thompson,500000,2025-10-15,Janet Morrison,Lease Agreement,Pending,,,
APP-2026-1031,Noble Gas Station,Robert Thompson,500000,2025-10-15,Janet Morrison,Debt Schedule,Approved,2026-01-27,,
APP-2026-1031,Noble Gas Station,Robert Thompson,500000,2025-10-15,Janet Morrison,Insurance Verification,Expired,2026-01-01,2027-01-01,Document expired - replacement requested
APP-2026-1032,Crystal Clear Windows,Jerome Jackson,390000,2026-01-06,Janet Morrison,Business Tax Returns (3yr),Pending,,,
APP-2026-1032,Crystal Clear Windows,Jerome Jackson,390000,2026-01-06,Janet Morrison,Bank Statements (90 day),Not Required,,,Waived per SBA guidelines
APP-2026-1032,Crystal Clear Windows,Jerome Jackson,390000,2026-01-06,Janet Morrison,Articles of Incorporation,Approved,2026-01-09,,
APP-2026-1032,Crystal Clear Windows,Jerome Jackson,390000,2026-01-06,Janet Morrison,Lease Agreement,Received,2026-02-11,,
APP-2026-1032,Crystal Clear Windows,Jerome Jackson,390000,2026-01-06,Janet Morrison,Business Licenses & Permits,Pending,,,
APP-2026-1032,Crystal Clear Windows,Jerome Jackson,390000,2026-01-06,Janet Morrison,Personal Tax Returns (3yr),Not Required,,,Waived per SBA guidelines
APP-2026-1032,Crystal Clear Windows,Jerome Jackson,390000,2026-01-06,Janet Morrison,Ownership Verification,Pending,,,
APP-2026-1032,Crystal Clear Windows,Jerome Jackson,390000,2026-01-06,Janet Morrison,SBA Form 912,Received,2026-01-18,,
APP-2026-1033,Eagle Eye Security,Patricia Nguyen,120000,2025-12-24,Ricardo Fuentes,Business Licenses & Permits,Under Review,2026-01-16,,Verifying with third party
APP-2026-1033,Eagle Eye Security,Patricia Nguyen,120000,2025-12-24,Ricardo Fuentes,Articles of Incorporation,Pending,,,Follow-up call scheduled
APP-2026-1033,Eagle Eye Security,Patricia Nguyen,120000,2025-12-24,Ricardo Fuentes,Business Tax Returns (3yr),Approved,2025-12-29,2028-12-28,
APP-2026-1033,Eagle Eye Security,Patricia Nguyen,120000,2025-12-24,Ricardo Fuentes,Personal Tax Returns (3yr),Approved,2025-12-29,2028-12-28,
APP-2026-1033,Eagle Eye Security,Patricia Nguyen,120000,2025-12-24,Ricardo Fuentes,Bank Statements (90 day),Received,2026-02-08,2026-05-09,
APP-2026-1033,Eagle Eye Security,Patricia Nguyen,120000,2025-12-24,Ricardo Fuentes,Business Financial Statements,Expired,2026-01-27,,Document expired - replacement requested
APP-2026-1033,Eagle Eye Security,Patricia Nguyen,120000,2025-12-24,Ricardo Fuentes,Debt Schedule,Approved,2026-01-28,,
APP-2026-1033,Eagle Eye Security,Patricia Nguyen,120000,2025-12-24,Ricardo Fuentes,SBA Form 1919,Approved,2026-02-03,,
APP-2026-1033,Eagle Eye Security,Patricia Nguyen,120000,2025-12-24,Ricardo Fuentes,Insurance Verification,Approved,2026-01-12,2027-01-12,
APP-2026-1033,Eagle Eye Security,Patricia Nguyen,120000,2025-12-24,Ricardo Fuentes,Lease Agreement,Approved,2026-01-31,,
APP-2026-1033,Eagle Eye Security,Patricia Nguyen,120000,2025-12-24,Ricardo Fuentes,Ownership Verification,Approved,2025-12-31,,
APP-2026-1033,Eagle Eye Security,Patricia Nguyen,120000,2025-12-24,Ricardo Fuentes,SBA Form 912,Pending,,,
APP-2026-1034,Lakewood Furniture,Ahmed Rodriguez,170000,2025-11-16,Ricardo Fuentes,Business Financial Statements,Pending,,,Second request sent
APP-2026-1034,Lakewood Furniture,Ahmed Rodriguez,170000,2025-11-16,Ricardo Fuentes,Business Licenses & Permits,Received,2026-01-23,,
APP-2026-1034,Lakewood Furniture,Ahmed Rodriguez,170000,2025-11-16,Ricardo Fuentes,Debt Schedule,Under Review,2025-12-24,,Minor discrepancy noted
APP-2026-1034,Lakewood Furniture,Ahmed Rodriguez,170000,2025-11-16,Ricardo Fuentes,Business Tax Returns (3yr),Received,2025-11-28,2028-11-27,
APP-2026-1034,Lakewood Furniture,Ahmed Rodriguez,170000,2025-11-16,Ricardo Fuentes,Insurance Verification,Under Review,2025-12-17,2026-12-17,
APP-2026-1034,Lakewood Furniture,Ahmed Rodriguez,170000,2025-11-16,Ricardo Fuentes,SBA Form 1919,Not Required,,,Not applicable for this loan type
APP-2026-1034,Lakewood Furniture,Ahmed Rodriguez,170000,2025-11-16,Ricardo Fuentes,Ownership Verification,Received,2025-11-24,,
APP-2026-1034,Lakewood Furniture,Ahmed Rodriguez,170000,2025-11-16,Ricardo Fuentes,Personal Tax Returns (3yr),Received,2026-01-31,2029-01-30,
APP-2026-1034,Lakewood Furniture,Ahmed Rodriguez,170000,2025-11-16,Ricardo Fuentes,SBA Form 912,Pending,,,
APP-2026-1034,Lakewood Furniture,Ahmed Rodriguez,170000,2025-11-16,Ricardo Fuentes,Bank Statements (90 day),Pending,,,
APP-2026-1034,Lakewood Furniture,Ahmed Rodriguez,170000,2025-11-16,Ricardo Fuentes,Lease Agreement,Pending,,,
APP-2026-1034,Lakewood Furniture,Ahmed Rodriguez,170000,2025-11-16,Ricardo Fuentes,Articles of Incorporation,Not Required,,,Exempt - sole proprietorship
APP-2026-1035,Oasis Spa & Salon,Patricia Clark,420000,2025-09-29,Ricardo Fuentes,Bank Statements (90 day),Approved,2026-01-07,2026-04-07,
APP-2026-1035,Oasis Spa & Salon,Patricia Clark,420000,2025-09-29,Ricardo Fuentes,Business Financial Statements,Received,2025-10-07,,
APP-2026-1035,Oasis Spa & Salon,Patricia Clark,420000,2025-09-29,Ricardo Fuentes,Ownership Verification,Pending,,,
APP-2026-1035,Oasis Spa & Salon,Patricia Clark,420000,2025-09-29,Ricardo Fuentes,Business Tax Returns (3yr),Approved,2026-01-20,2029-01-19,
APP-2026-1035,Oasis Spa & Salon,Patricia Clark,420000,2025-09-29,Ricardo Fuentes,Articles of Incorporation,Under Review,2025-12-03,,Verifying with third party
APP-2026-1035,Oasis Spa & Salon,Patricia Clark,420000,2025-09-29,Ricardo Fuentes,Business Licenses & Permits,Pending,,,
APP-2026-1035,Oasis Spa & Salon,Patricia Clark,420000,2025-09-29,Ricardo Fuentes,Personal Tax Returns (3yr),Approved,2025-12-22,2028-12-21,
APP-2026-1035,Oasis Spa & Salon,Patricia Clark,420000,2025-09-29,Ricardo Fuentes,Debt Schedule,Received,2025-09-29,,
APP-2026-1035,Oasis Spa & Salon,Patricia Clark,420000,2025-09-29,Ricardo Fuentes,SBA Form 912,Approved,2025-12-31,,
APP-2026-1035,Oasis Spa & Salon,Patricia Clark,420000,2025-09-29,Ricardo Fuentes,Lease Agreement,Pending,,,
APP-2026-1035,Oasis Spa & Salon,Patricia Clark,420000,2025-09-29,Ricardo Fuentes,Insurance Verification,Under Review,2026-01-19,2027-01-19,
APP-2026-1035,Oasis Spa & Salon,Patricia Clark,420000,2025-09-29,Ricardo Fuentes,SBA Form 1919,Received,2025-12-16,,
APP-2026-1036,Golden Gate Cafe,David Kim,380000,2025-09-06,Janet Morrison,Business Tax Returns (3yr),Received,2025-12-09,2028-12-08,
APP-2026-1036,Golden Gate Cafe,David Kim,380000,2025-09-06,Janet Morrison,Ownership Verification,Pending,,,
APP-2026-1036,Golden Gate Cafe,David Kim,380000,2025-09-06,Janet Morrison,SBA Form 912,Approved,2025-12-26,,
APP-2026-1036,Golden Gate Cafe,David Kim,380000,2025-09-06,Janet Morrison,Insurance Verification,Pending,,,Waiting on borrower
APP-2026-1036,Golden Gate Cafe,David Kim,380000,2025-09-06,Janet Morrison,Personal Tax Returns (3yr),Approved,2026-01-28,2029-01-27,
APP-2026-1036,Golden Gate Cafe,David Kim,380000,2025-09-06,Janet Morrison,Business Licenses & Permits,Received,2026-01-24,,
APP-2026-1036,Golden Gate Cafe,David Kim,380000,2025-09-06,Janet Morrison,Debt Schedule,Approved,2025-10-14,,
APP-2026-1036,Golden Gate Cafe,David Kim,380000,2025-09-06,Janet Morrison,SBA Form 1919,Pending,,,Second request sent
APP-2026-1036,Golden Gate Cafe,David Kim,380000,2025-09-06,Janet Morrison,Lease Agreement,Approved,2025-12-13,,
APP-2026-1037,Trident Marine Services,Jerome Anderson,200000,2025-11-27,Ricardo Fuentes,Business Tax Returns (3yr),Approved,2025-12-04,2028-12-03,
APP-2026-1037,Trident Marine Services,Jerome Anderson,200000,2025-11-27,Ricardo Fuentes,Bank Statements (90 day),Under Review,2026-01-01,2026-04-01,Minor discrepancy noted
APP-2026-1037,Trident Marine Services,Jerome Anderson,200000,2025-11-27,Ricardo Fuentes,Ownership Verification,Pending,,,Second request sent
APP-2026-1037,Trident Marine Services,Jerome Anderson,200000,2025-11-27,Ricardo Fuentes,Business Licenses & Permits,Received,2026-02-12,,
APP-2026-1037,Trident Marine Services,Jerome Anderson,200000,2025-11-27,Ricardo Fuentes,Insurance Verification,Approved,2026-01-05,2027-01-05,
APP-2026-1037,Trident Marine Services,Jerome Anderson,200000,2025-11-27,Ricardo Fuentes,Business Financial Statements,Received,2026-01-11,,
APP-2026-1037,Trident Marine Services,Jerome Anderson,200000,2025-11-27,Ricardo Fuentes,Lease Agreement,Pending,,,
APP-2026-1037,Trident Marine Services,Jerome Anderson,200000,2025-11-27,Ricardo Fuentes,Debt Schedule,Not Required,,,Not applicable for this loan type
APP-2026-1037,Trident Marine Services,Jerome Anderson,200000,2025-11-27,Ricardo Fuentes,Personal Tax Returns (3yr),Pending,,,Requested from borrower 2/3
APP-2026-1038,York Street Deli,Fatima Williams,260000,2025-12-17,Janet Morrison,Business Licenses & Permits,Under Review,2026-01-25,,
APP-2026-1038,York Street Deli,Fatima Williams,260000,2025-12-17,Janet Morrison,Business Tax Returns (3yr),Under Review,2025-12-28,2028-12-27,
APP-2026-1038,York Street Deli,Fatima Williams,260000,2025-12-17,Janet Morrison,Insurance Verification,Received,2026-01-18,2027-01-18,
APP-2026-1038,York Street Deli,Fatima Williams,260000,2025-12-17,Janet Morrison,Articles of Incorporation,Pending,,,
APP-2026-1038,York Street Deli,Fatima Williams,260000,2025-12-17,Janet Morrison,Ownership Verification,Received,2026-01-27,,
APP-2026-1038,York Street Deli,Fatima Williams,260000,2025-12-17,Janet Morrison,SBA Form 912,Approved,2026-02-05,,
APP-2026-1038,York Street Deli,Fatima Williams,260000,2025-12-17,Janet Morrison,Debt Schedule,Pending,,,Waiting on borrower
APP-2026-1038,York Street Deli,Fatima Williams,260000,2025-12-17,Janet Morrison,Personal Tax Returns (3yr),Under Review,2026-02-01,2029-01-31,
APP-2026-1038,York Street Deli,Fatima Williams,260000,2025-12-17,Janet Morrison,Lease Agreement,Pending,,,Borrower contacted via email
APP-2026-1038,York Street Deli,Fatima Williams,260000,2025-12-17,Janet Morrison,Bank Statements (90 day),Pending,,,
APP-2026-1039,TechStart Solutions,Sarah Lee,480000,2025-10-29,Ricardo Fuentes,Business Tax Returns (3yr),Pending,,,
APP-2026-1039,TechStart Solutions,Sarah Lee,480000,2025-10-29,Ricardo Fuentes,Personal Tax Returns (3yr),Under Review,2025-11-18,2028-11-17,Reviewing for completeness
APP-2026-1039,TechStart Solutions,Sarah Lee,480000,2025-10-29,Ricardo Fuentes,SBA Form 1919,Under Review,2026-01-09,,Minor discrepancy noted
APP-2026-1039,TechStart Solutions,Sarah Lee,480000,2025-10-29,Ricardo Fuentes,Business Licenses & Permits,Pending,,,
APP-2026-1039,TechStart Solutions,Sarah Lee,480000,2025-10-29,Ricardo Fuentes,Debt Schedule,Pending,,,
APP-2026-1039,TechStart Solutions,Sarah Lee,480000,2025-10-29,Ricardo Fuentes,Insurance Verification,Under Review,2025-12-29,2026-12-29,Verifying with third party
APP-2026-1039,TechStart Solutions,Sarah Lee,480000,2025-10-29,Ricardo Fuentes,Articles of Incorporation,Received,2026-01-23,,
APP-2026-1039,TechStart Solutions,Sarah Lee,480000,2025-10-29,Ricardo Fuentes,SBA Form 912,Received,2026-02-01,,
APP-2026-1039,TechStart Solutions,Sarah Lee,480000,2025-10-29,Ricardo Fuentes,Bank Statements (90 day),Under Review,2025-12-30,2026-03-30,Minor discrepancy noted
APP-2026-1039,TechStart Solutions,Sarah Lee,480000,2025-10-29,Ricardo Fuentes,Business Financial Statements,Pending,,,
APP-2026-1040,Iron Works Fabrication,Keiko Wilson,350000,2025-09-15,Ricardo Fuentes,Insurance Verification,Received,2026-01-22,2027-01-22,
APP-2026-1040,Iron Works Fabrication,Keiko Wilson,350000,2025-09-15,Ricardo Fuentes,Personal Tax Returns (3yr),Approved,2025-12-23,2028-12-22,
APP-2026-1040,Iron Works Fabrication,Keiko Wilson,350000,2025-09-15,Ricardo Fuentes,Bank Statements (90 day),Pending,,,
APP-2026-1040,Iron Works Fabrication,Keiko Wilson,350000,2025-09-15,Ricardo Fuentes,SBA Form 912,Pending,,,
APP-2026-1040,Iron Works Fabrication,Keiko Wilson,350000,2025-09-15,Ricardo Fuentes,Business Tax Returns (3yr),Received,2026-01-09,2029-01-08,
APP-2026-1040,Iron Works Fabrication,Keiko Wilson,350000,2025-09-15,Ricardo Fuentes,Business Licenses & Permits,Pending,,,
APP-2026-1040,Iron Works Fabrication,Keiko Wilson,350000,2025-09-15,Ricardo Fuentes,SBA Form 1919,Expired,2026-01-29,,Document expired - replacement requested
APP-2026-1040,Iron Works Fabrication,Keiko Wilson,350000,2025-09-15,Ricardo Fuentes,Lease Agreement,Approved,2025-09-19,,
APP-2026-1041,Phoenix IT Services,Jerome Anderson,370000,2025-10-06,Aisha Patel,Insurance Verification,Pending,,,
APP-2026-1041,Phoenix IT Services,Jerome Anderson,370000,2025-10-06,Aisha Patel,Business Financial Statements,Received,2025-11-20,,
APP-2026-1041,Phoenix IT Services,Jerome Anderson,370000,2025-10-06,Aisha Patel,Lease Agreement,Under Review,2025-11-19,,Minor discrepancy noted
APP-2026-1041,Phoenix IT Services,Jerome Anderson,370000,2025-10-06,Aisha Patel,SBA Form 1919,Under Review,2026-01-04,,
APP-2026-1041,Phoenix IT Services,Jerome Anderson,370000,2025-10-06,Aisha Patel,Ownership Verification,Received,2026-01-20,,
APP-2026-1041,Phoenix IT Services,Jerome Anderson,370000,2025-10-06,Aisha Patel,Bank Statements (90 day),Under Review,2026-02-10,2026-05-11,
APP-2026-1041,Phoenix IT Services,Jerome Anderson,370000,2025-10-06,Aisha Patel,Business Licenses & Permits,Pending,,,
APP-2026-1041,Phoenix IT Services,Jerome Anderson,370000,2025-10-06,Aisha Patel,Personal Tax Returns (3yr),Received,2025-12-04,2028-12-03,
APP-2026-1041,Phoenix IT Services,Jerome Anderson,370000,2025-10-06,Aisha Patel,Business Tax Returns (3yr),Received,2025-10-29,2028-10-28,
APP-2026-1041,Phoenix IT Services,Jerome Anderson,370000,2025-10-06,Aisha Patel,Debt Schedule,Pending,,,
APP-2026-1041,Phoenix IT Services,Jerome Anderson,370000,2025-10-06,Aisha Patel,SBA Form 912,Pending,,,
APP-2026-1042,Quality Tire Center,Marcus Wilson,350000,2026-01-26,Aisha Patel,SBA Form 1919,Expired,2026-02-10,,Document expired - replacement requested
APP-2026-1042,Quality Tire Center,Marcus Wilson,350000,2026-01-26,Aisha Patel,Business Financial Statements,Approved,2026-02-08,,
APP-2026-1042,Quality Tire Center,Marcus Wilson,350000,2026-01-26,Aisha Patel,Lease Agreement,Under Review,2026-01-28,,
APP-2026-1042,Quality Tire Center,Marcus Wilson,350000,2026-01-26,Aisha Patel,Articles of Incorporation,Pending,,,
APP-2026-1042,Quality Tire Center,Marcus Wilson,350000,2026-01-26,Aisha Patel,Insurance Verification,Received,2026-02-11,2027-02-11,
APP-2026-1042,Quality Tire Center,Marcus Wilson,350000,2026-01-26,Aisha Patel,Personal Tax Returns (3yr),Under Review,2026-02-05,2029-02-04,
APP-2026-1042,Quality Tire Center,Marcus Wilson,350000,2026-01-26,Aisha Patel,Business Licenses & Permits,Received,2026-02-11,,
APP-2026-1042,Quality Tire Center,Marcus Wilson,350000,2026-01-26,Aisha Patel,Business Tax Returns (3yr),Approved,2026-02-10,2029-02-09,
APP-2026-1043,Redwood Construction,Elena Moore,110000,2025-11-29,Aisha Patel,Business Tax Returns (3yr),Approved,2025-12-02,2028-12-01,
APP-2026-1043,Redwood Construction,Elena Moore,110000,2025-11-29,Aisha Patel,Lease Agreement,Approved,2026-02-11,,
APP-2026-1043,Redwood Construction,Elena Moore,110000,2025-11-29,Aisha Patel,SBA Form 1919,Received,2025-12-21,,
APP-2026-1043,Redwood Construction,Elena Moore,110000,2025-11-29,Aisha Patel,Personal Tax Returns (3yr),Approved,2026-01-25,2029-01-24,
APP-2026-1043,Redwood Construction,Elena Moore,110000,2025-11-29,Aisha Patel,Debt Schedule,Received,2025-12-12,,
APP-2026-1043,Redwood Construction,Elena Moore,110000,2025-11-29,Aisha Patel,Articles of Incorporation,Received,2025-12-04,,
APP-2026-1043,Redwood Construction,Elena Moore,110000,2025-11-29,Aisha Patel,Business Licenses & Permits,Under Review,2026-01-01,,Reviewing for completeness
APP-2026-1043,Redwood Construction,Elena Moore,110000,2025-11-29,Aisha Patel,Bank Statements (90 day),Received,2026-01-21,2026-04-21,
APP-2026-1043,Redwood Construction,Elena Moore,110000,2025-11-29,Aisha Patel,Insurance Verification,Under Review,2025-12-08,2026-12-08,Minor discrepancy noted
APP-2026-1043,Redwood Construction,Elena Moore,110000,2025-11-29,Aisha Patel,SBA Form 912,Received,2026-02-06,,
APP-2026-1043,Redwood Construction,Elena Moore,110000,2025-11-29,Aisha Patel,Ownership Verification,Received,2026-01-22,,
APP-2026-1043,Redwood Construction,Elena Moore,110000,2025-11-29,Aisha Patel,Business Financial Statements,Received,2025-12-14,,
APP-2026-1044,Pioneer Electric,Elena White,100000,2025-12-16,Ricardo Fuentes,Business Tax Returns (3yr),Not Required,,,Not applicable for this loan type
APP-2026-1044,Pioneer Electric,Elena White,100000,2025-12-16,Ricardo Fuentes,Business Licenses & Permits,Expired,2026-01-22,,Document expired - replacement requested
APP-2026-1044,Pioneer Electric,Elena White,100000,2025-12-16,Ricardo Fuentes,Personal Tax Returns (3yr),Pending,,,
APP-2026-1044,Pioneer Electric,Elena White,100000,2025-12-16,Ricardo Fuentes,Lease Agreement,Under Review,2025-12-24,,
APP-2026-1044,Pioneer Electric,Elena White,100000,2025-12-16,Ricardo Fuentes,Bank Statements (90 day),Received,2026-01-19,2026-04-19,
APP-2026-1044,Pioneer Electric,Elena White,100000,2025-12-16,Ricardo Fuentes,Articles of Incorporation,Not Required,,,Not applicable for this loan type
APP-2026-1044,Pioneer Electric,Elena White,100000,2025-12-16,Ricardo Fuentes,Ownership Verification,Expired,2026-01-22,,Document expired - replacement requested
APP-2026-1044,Pioneer Electric,Elena White,100000,2025-12-16,Ricardo Fuentes,Insurance Verification,Expired,2026-02-11,2027-02-11,Document expired - replacement requested
APP-2026-1044,Pioneer Electric,Elena White,100000,2025-12-16,Ricardo Fuentes,Debt Schedule,Received,2026-01-29,,
APP-2026-1044,Pioneer Electric,Elena White,100000,2025-12-16,Ricardo Fuentes,SBA Form 1919,Approved,2025-12-27,,
APP-2026-1044,Pioneer Electric,Elena White,100000,2025-12-16,Ricardo Fuentes,SBA Form 912,Pending,,,
APP-2026-1044,Pioneer Electric,Elena White,100000,2025-12-16,Ricardo Fuentes,Business Financial Statements,Received,2026-01-19,,
APP-2026-1045,Jade Garden Restaurant,Maria Patel,270000,2025-11-13,Ricardo Fuentes,Business Tax Returns (3yr),Pending,,,Second request sent
APP-2026-1045,Jade Garden Restaurant,Maria Patel,270000,2025-11-13,Ricardo Fuentes,SBA Form 912,Pending,,,
APP-2026-1045,Jade Garden Restaurant,Maria Patel,270000,2025-11-13,Ricardo Fuentes,Personal Tax Returns (3yr),Expired,2026-02-10,2029-02-09,Document expired - replacement requested
APP-2026-1045,Jade Garden Restaurant,Maria Patel,270000,2025-11-13,Ricardo Fuentes,Debt Schedule,Received,2026-01-23,,
APP-2026-1045,Jade Garden Restaurant,Maria Patel,270000,2025-11-13,Ricardo Fuentes,Insurance Verification,Under Review,2026-01-15,2027-01-15,Verifying with third party
APP-2026-1045,Jade Garden Restaurant,Maria Patel,270000,2025-11-13,Ricardo Fuentes,Bank Statements (90 day),Received,2025-12-11,2026-03-11,
APP-2026-1045,Jade Garden Restaurant,Maria Patel,270000,2025-11-13,Ricardo Fuentes,SBA Form 1919,Received,2026-01-12,,
APP-2026-1045,Jade Garden Restaurant,Maria Patel,270000,2025-11-13,Ricardo Fuentes,Business Licenses & Permits,Approved,2026-02-06,,
APP-2026-1045,Jade Garden Restaurant,Maria Patel,270000,2025-11-13,Ricardo Fuentes,Articles of Incorporation,Received,2026-01-17,,
APP-2026-1046,Pacific Auto Repair,James Martinez,290000,2026-01-08,Aisha Patel,Business Financial Statements,Expired,2026-02-01,,Document expired - replacement requested
APP-2026-1046,Pacific Auto Repair,James Martinez,290000,2026-01-08,Aisha Patel,Personal Tax Returns (3yr),Expired,2026-01-26,2029-01-25,Document expired - replacement requested
APP-2026-1046,Pacific Auto Repair,James Martinez,290000,2026-01-08,Aisha Patel,Insurance Verification,Pending,,,
APP-2026-1046,Pacific Auto Repair,James Martinez,290000,2026-01-08,Aisha Patel,Articles of Incorporation,Expired,2026-01-14,,Document expired - replacement requested
APP-2026-1046,Pacific Auto Repair,James Martinez,290000,2026-01-08,Aisha Patel,Business Licenses & Permits,Received,2026-01-21,,
APP-2026-1046,Pacific Auto Repair,James Martinez,290000,2026-01-08,Aisha Patel,SBA Form 1919,Approved,2026-01-24,,
APP-2026-1046,Pacific Auto Repair,James Martinez,290000,2026-01-08,Aisha Patel,Debt Schedule,Under Review,2026-01-21,,Minor discrepancy noted
APP-2026-1046,Pacific Auto Repair,James Martinez,290000,2026-01-08,Aisha Patel,Bank Statements (90 day),Pending,,,Requested from borrower 2/3
APP-2026-1046,Pacific Auto Repair,James Martinez,290000,2026-01-08,Aisha Patel,Business Tax Returns (3yr),Received,2026-02-02,2029-02-01,
APP-2026-1046,Pacific Auto Repair,James Martinez,290000,2026-01-08,Aisha Patel,Ownership Verification,Approved,2026-02-02,,
APP-2026-1046,Pacific Auto Repair,James Martinez,290000,2026-01-08,Aisha Patel,Lease Agreement,Expired,2026-01-27,,Document expired - replacement requested
APP-2026-1046,Pacific Auto Repair,James Martinez,290000,2026-01-08,Aisha Patel,SBA Form 912,Approved,2026-01-22,,
APP-2026-1047,Elite Fitness Center,Maria Johnson,230000,2025-12-15,Ricardo Fuentes,Insurance Verification,Pending,,,
APP-2026-1047,Elite Fitness Center,Maria Johnson,230000,2025-12-15,Ricardo Fuentes,Ownership Verification,Pending,,,
APP-2026-1047,Elite Fitness Center,Maria Johnson,230000,2025-12-15,Ricardo Fuentes,Business Financial Statements,Pending,,,Borrower contacted via email
APP-2026-1047,Elite Fitness Center,Maria Johnson,230000,2025-12-15,Ricardo Fuentes,Business Tax Returns (3yr),Pending,,,
APP-2026-1047,Elite Fitness Center,Maria Johnson,230000,2025-12-15,Ricardo Fuentes,Lease Agreement,Received,2025-12-22,,
APP-2026-1047,Elite Fitness Center,Maria Johnson,230000,2025-12-15,Ricardo Fuentes,Business Licenses & Permits,Pending,,,
APP-2026-1047,Elite Fitness Center,Maria Johnson,230000,2025-12-15,Ricardo Fuentes,SBA Form 912,Under Review,2025-12-27,,Minor discrepancy noted
APP-2026-1047,Elite Fitness Center,Maria Johnson,230000,2025-12-15,Ricardo Fuentes,Personal Tax Returns (3yr),Pending,,,
APP-2026-1047,Elite Fitness Center,Maria Johnson,230000,2025-12-15,Ricardo Fuentes,Debt Schedule,Under Review,2026-01-03,,Verifying with third party
APP-2026-1047,Elite Fitness Center,Maria Johnson,230000,2025-12-15,Ricardo Fuentes,SBA Form 1919,Expired,2025-12-16,,Document expired - replacement requested
APP-2026-1048,Bayview Restaurant,Carlos Anderson,270000,2026-01-12,Ricardo Fuentes,Business Tax Returns (3yr),Pending,,,
APP-2026-1048,Bayview Restaurant,Carlos Anderson,270000,2026-01-12,Ricardo Fuentes,Ownership Verification,Pending,,,
APP-2026-1048,Bayview Restaurant,Carlos Anderson,270000,2026-01-12,Ricardo Fuentes,SBA Form 1919,Approved,2026-02-09,,
APP-2026-1048,Bayview Restaurant,Carlos Anderson,270000,2026-01-12,Ricardo Fuentes,Business Licenses & Permits,Approved,2026-01-15,,
APP-2026-1048,Bayview Restaurant,Carlos Anderson,270000,2026-01-12,Ricardo Fuentes,Personal Tax Returns (3yr),Pending,,,
APP-2026-1048,Bayview Restaurant,Carlos Anderson,270000,2026-01-12,Ricardo Fuentes,Lease Agreement,Pending,,,
APP-2026-1048,Bayview Restaurant,Carlos Anderson,270000,2026-01-12,Ricardo Fuentes,Debt Schedule,Approved,2026-01-19,,
APP-2026-1048,Bayview Restaurant,Carlos Anderson,270000,2026-01-12,Ricardo Fuentes,Articles of Incorporation,Received,2026-01-24,,
APP-2026-1048,Bayview Restaurant,Carlos Anderson,270000,2026-01-12,Ricardo Fuentes,SBA Form 912,Pending,,,Requested from borrower 2/3
APP-2026-1048,Bayview Restaurant,Carlos Anderson,270000,2026-01-12,Ricardo Fuentes,Bank Statements (90 day),Expired,2025-09-29,2025-12-28,Expired - needs updated statements
APP-2026-1048,Bayview Restaurant,Carlos Anderson,270000,2026-01-12,Ricardo Fuentes,Business Financial Statements,Approved,2026-01-26,,
APP-2026-1048,Bayview Restaurant,Carlos Anderson,270000,2026-01-12,Ricardo Fuentes,Insurance Verification,Received,2026-02-08,2027-02-08,
APP-2026-1049,Summit Construction,Ahmed Nguyen,180000,2025-09-04,Ricardo Fuentes,Lease Agreement,Under Review,2026-01-27,,Minor discrepancy noted
APP-2026-1049,Summit Construction,Ahmed Nguyen,180000,2025-09-04,Ricardo Fuentes,Business Licenses & Permits,Received,2025-11-30,,
APP-2026-1049,Summit Construction,Ahmed Nguyen,180000,2025-09-04,Ricardo Fuentes,Debt Schedule,Pending,,,
APP-2026-1049,Summit Construction,Ahmed Nguyen,180000,2025-09-04,Ricardo Fuentes,Business Tax Returns (3yr),Received,2025-12-13,2028-12-12,
APP-2026-1049,Summit Construction,Ahmed Nguyen,180000,2025-09-04,Ricardo Fuentes,Articles of Incorporation,Approved,2025-12-06,,
APP-2026-1049,Summit Construction,Ahmed Nguyen,180000,2025-09-04,Ricardo Fuentes,SBA Form 1919,Approved,2025-09-15,,
APP-2026-1049,Summit Construction,Ahmed Nguyen,180000,2025-09-04,Ricardo Fuentes,Personal Tax Returns (3yr),Approved,2025-09-08,2028-09-07,
APP-2026-1049,Summit Construction,Ahmed Nguyen,180000,2025-09-04,Ricardo Fuentes,Insurance Verification,Approved,2025-12-19,2026-12-19,
APP-2026-1049,Summit Construction,Ahmed Nguyen,180000,2025-09-04,Ricardo Fuentes,Ownership Verification,Under Review,2025-11-27,,Reviewing for completeness
APP-2026-1050,Evergreen Consulting,Carlos Clark,200000,2025-11-30,Janet Morrison,SBA Form 912,Pending,,,
APP-2026-1050,Evergreen Consulting,Carlos Clark,200000,2025-11-30,Janet Morrison,Ownership Verification,Under Review,2025-12-17,,
APP-2026-1050,Evergreen Consulting,Carlos Clark,200000,2025-11-30,Janet Morrison,Lease Agreement,Approved,2026-02-01,,
APP-2026-1050,Evergreen Consulting,Carlos Clark,200000,2025-11-30,Janet Morrison,Business Licenses & Permits,Under Review,2025-12-28,,Minor discrepancy noted
APP-2026-1050,Evergreen Consulting,Carlos Clark,200000,2025-11-30,Janet Morrison,Personal Tax Returns (3yr),Under Review,2025-12-31,2028-12-30,
APP-2026-1050,Evergreen Consulting,Carlos Clark,200000,2025-11-30,Janet Morrison,Articles of Incorporation,Received,2025-12-23,,
APP-2026-1050,Evergreen Consulting,Carlos Clark,200000,2025-11-30,Janet Morrison,Business Financial Statements,Pending,,,
APP-2026-1050,Evergreen Consulting,Carlos Clark,200000,2025-11-30,Janet Morrison,SBA Form 1919,Not Required,,,Exempt - sole proprietorship
APP-2026-1050,Evergreen Consulting,Carlos Clark,200000,2025-11-30,Janet Morrison,Insurance Verification,Approved,2026-01-20,2027-01-20,
APP-2026-1050,Evergreen Consulting,Carlos Clark,200000,2025-11-30,Janet Morrison,Debt Schedule,Approved,2026-02-11,,
APP-2026-1050,Evergreen Consulting,Carlos Clark,200000,2025-11-30,Janet Morrison,Business Tax Returns (3yr),Under Review,2025-12-10,2028-12-09,
APP-2026-1051,Main Street Books,Elena Patel,370000,2025-11-23,Ricardo Fuentes,Ownership Verification,Pending,,,
APP-2026-1051,Main Street Books,Elena Patel,370000,2025-11-23,Ricardo Fuentes,Articles of Incorporation,Received,2026-01-29,,
APP-2026-1051,Main Street Books,Elena Patel,370000,2025-11-23,Ricardo Fuentes,Insurance Verification,Pending,,,Second request sent
APP-2026-1051,Main Street Books,Elena Patel,370000,2025-11-23,Ricardo Fuentes,SBA Form 912,Received,2026-01-23,,
APP-2026-1051,Main Street Books,Elena Patel,370000,2025-11-23,Ricardo Fuentes,Business Licenses & Permits,Not Required,,,Not applicable for this loan type
APP-2026-1051,Main Street Books,Elena Patel,370000,2025-11-23,Ricardo Fuentes,Business Financial Statements,Received,2025-12-07,,
APP-2026-1051,Main Street Books,Elena Patel,370000,2025-11-23,Ricardo Fuentes,Bank Statements (90 day),Received,2025-11-28,2026-02-26,
APP-2026-1051,Main Street Books,Elena Patel,370000,2025-11-23,Ricardo Fuentes,Personal Tax Returns (3yr),Under Review,2025-11-26,2028-11-25,
APP-2026-1051,Main Street Books,Elena Patel,370000,2025-11-23,Ricardo Fuentes,Business Tax Returns (3yr),Pending,,,Requested from borrower 2/3
APP-2026-1051,Main Street Books,Elena Patel,370000,2025-11-23,Ricardo Fuentes,Lease Agreement,Not Required,,,Exempt - sole proprietorship
APP-2026-1051,Main Street Books,Elena Patel,370000,2025-11-23,Ricardo Fuentes,SBA Form 1919,Pending,,,
APP-2026-1052,Oak Park Veterinary,Thomas Taylor,290000,2026-01-06,Aisha Patel,SBA Form 912,Received,2026-02-06,,
APP-2026-1052,Oak Park Veterinary,Thomas Taylor,290000,2026-01-06,Aisha Patel,Bank Statements (90 day),Under Review,2026-02-12,2026-05-13,Verifying with third party
APP-2026-1052,Oak Park Veterinary,Thomas Taylor,290000,2026-01-06,Aisha Patel,Debt Schedule,Pending,,,
APP-2026-1052,Oak Park Veterinary,Thomas Taylor,290000,2026-01-06,Aisha Patel,Insurance Verification,Approved,2026-01-22,2027-01-22,
APP-2026-1052,Oak Park Veterinary,Thomas Taylor,290000,2026-01-06,Aisha Patel,SBA Form 1919,Approved,2026-02-04,,
APP-2026-1052,Oak Park Veterinary,Thomas Taylor,290000,2026-01-06,Aisha Patel,Ownership Verification,Pending,,,Waiting on borrower
APP-2026-1052,Oak Park Veterinary,Thomas Taylor,290000,2026-01-06,Aisha Patel,Business Financial Statements,Approved,2026-02-04,,
APP-2026-1052,Oak Park Veterinary,Thomas Taylor,290000,2026-01-06,Aisha Patel,Business Licenses & Permits,Under Review,2026-01-23,,Verifying with third party
APP-2026-1052,Oak Park Veterinary,Thomas Taylor,290000,2026-01-06,Aisha Patel,Lease Agreement,Received,2026-01-09,,
APP-2026-1053,Maple Street Deli,Keiko Martinez,440000,2025-09-17,Aisha Patel,Articles of Incorporation,Under Review,2025-10-31,,
APP-2026-1053,Maple Street Deli,Keiko Martinez,440000,2025-09-17,Aisha Patel,Bank Statements (90 day),Pending,,,Requested from borrower 2/3
APP-2026-1053,Maple Street Deli,Keiko Martinez,440000,2025-09-17,Aisha Patel,Debt Schedule,Approved,2026-01-21,,
APP-2026-1053,Maple Street Deli,Keiko Martinez,440000,2025-09-17,Aisha Patel,Personal Tax Returns (3yr),Under Review,2025-11-20,2028-11-19,Reviewing for completeness
APP-2026-1053,Maple Street Deli,Keiko Martinez,440000,2025-09-17,Aisha Patel,Insurance Verification,Pending,,,
APP-2026-1053,Maple Street Deli,Keiko Martinez,440000,2025-09-17,Aisha Patel,SBA Form 1919,Pending,,,
APP-2026-1053,Maple Street Deli,Keiko Martinez,440000,2025-09-17,Aisha Patel,Lease Agreement,Pending,,,Waiting on borrower
APP-2026-1053,Maple Street Deli,Keiko Martinez,440000,2025-09-17,Aisha Patel,Business Financial Statements,Pending,,,
APP-2026-1053,Maple Street Deli,Keiko Martinez,440000,2025-09-17,Aisha Patel,Business Tax Returns (3yr),Pending,,,Requested from borrower 2/3
APP-2026-1053,Maple Street Deli,Keiko Martinez,440000,2025-09-17,Aisha Patel,Business Licenses & Permits,Pending,,,
APP-2026-1053,Maple Street Deli,Keiko Martinez,440000,2025-09-17,Aisha Patel,SBA Form 912,Received,2025-10-30,,
APP-2026-1054,Liberty Tax Services,Wei Moore,230000,2025-10-07,Aisha Patel,Articles of Incorporation,Expired,2025-11-25,,Document expired - replacement requested
APP-2026-1054,Liberty Tax Services,Wei Moore,230000,2025-10-07,Aisha Patel,Business Financial Statements,Under Review,2025-12-16,,
APP-2026-1054,Liberty Tax Services,Wei Moore,230000,2025-10-07,Aisha Patel,Personal Tax Returns (3yr),Pending,,,
APP-2026-1054,Liberty Tax Services,Wei Moore,230000,2025-10-07,Aisha Patel,Business Tax Returns (3yr),Approved,2025-12-15,2028-12-14,
APP-2026-1054,Liberty Tax Services,Wei Moore,230000,2025-10-07,Aisha Patel,Business Licenses & Permits,Under Review,2025-12-06,,Reviewing for completeness
APP-2026-1054,Liberty Tax Services,Wei Moore,230000,2025-10-07,Aisha Patel,SBA Form 912,Under Review,2025-10-14,,
APP-2026-1054,Liberty Tax Services,Wei Moore,230000,2025-10-07,Aisha Patel,Debt Schedule,Approved,2026-01-25,,
APP-2026-1054,Liberty Tax Services,Wei Moore,230000,2025-10-07,Aisha Patel,Bank Statements (90 day),Approved,2026-02-04,2026-05-05,
APP-2026-1054,Liberty Tax Services,Wei Moore,230000,2025-10-07,Aisha Patel,Insurance Verification,Received,2025-10-20,2026-10-20,
APP-2026-1054,Liberty Tax Services,Wei Moore,230000,2025-10-07,Aisha Patel,SBA Form 1919,Approved,2025-12-31,,
APP-2026-1054,Liberty Tax Services,Wei Moore,230000,2025-10-07,Aisha Patel,Ownership Verification,Approved,2025-12-20,,
APP-2026-1055,Bright Smile Pediatrics,Lisa Martinez,200000,2025-12-28,Aisha Patel,Lease Agreement,Received,2025-12-29,,
APP-2026-1055,Bright Smile Pediatrics,Lisa Martinez,200000,2025-12-28,Aisha Patel,SBA Form 1919,Under Review,2026-02-12,,Verifying with third party
APP-2026-1055,Bright Smile Pediatrics,Lisa Martinez,200000,2025-12-28,Aisha Patel,Business Financial Statements,Received,2026-02-01,,
APP-2026-1055,Bright Smile Pediatrics,Lisa Martinez,200000,2025-12-28,Aisha Patel,Bank Statements (90 day),Approved,2026-01-18,2026-04-18,
APP-2026-1055,Bright Smile Pediatrics,Lisa Martinez,200000,2025-12-28,Aisha Patel,SBA Form 912,Pending,,,
APP-2026-1055,Bright Smile Pediatrics,Lisa Martinez,200000,2025-12-28,Aisha Patel,Insurance Verification,Approved,2025-12-30,2026-12-30,
APP-2026-1055,Bright Smile Pediatrics,Lisa Martinez,200000,2025-12-28,Aisha Patel,Debt Schedule,Pending,,,Follow-up call scheduled
APP-2026-1055,Bright Smile Pediatrics,Lisa Martinez,200000,2025-12-28,Aisha Patel,Ownership Verification,Approved,2026-02-11,,
APP-2026-1055,Bright Smile Pediatrics,Lisa Martinez,200000,2025-12-28,Aisha Patel,Business Tax Returns (3yr),Received,2026-02-02,2029-02-01,
APP-2026-1055,Bright Smile Pediatrics,Lisa Martinez,200000,2025-12-28,Aisha Patel,Personal Tax Returns (3yr),Pending,,,
APP-2026-1055,Bright Smile Pediatrics,Lisa Martinez,200000,2025-12-28,Aisha Patel,Articles of Incorporation,Received,2026-02-10,,
APP-2026-1055,Bright Smile Pediatrics,Lisa Martinez,200000,2025-12-28,Aisha Patel,Business Licenses & Permits,Received,2026-02-01,,
APP-2026-1056,FreshCo Grocery,Fatima Martinez,260000,2025-09-04,Aisha Patel,Insurance Verification,Received,2025-12-30,2026-12-30,
APP-2026-1056,FreshCo Grocery,Fatima Martinez,260000,2025-09-04,Aisha Patel,Lease Agreement,Received,2025-10-25,,
APP-2026-1056,FreshCo Grocery,Fatima Martinez,260000,2025-09-04,Aisha Patel,Ownership Verification,Approved,2025-10-20,,
APP-2026-1056,FreshCo Grocery,Fatima Martinez,260000,2025-09-04,Aisha Patel,SBA Form 1919,Received,2025-11-05,,
APP-2026-1056,FreshCo Grocery,Fatima Martinez,260000,2025-09-04,Aisha Patel,Business Licenses & Permits,Approved,2025-10-01,,
APP-2026-1056,FreshCo Grocery,Fatima Martinez,260000,2025-09-04,Aisha Patel,Debt Schedule,Pending,,,
APP-2026-1056,FreshCo Grocery,Fatima Martinez,260000,2025-09-04,Aisha Patel,Articles of Incorporation,Not Required,,,Exempt - sole proprietorship
APP-2026-1056,FreshCo Grocery,Fatima Martinez,260000,2025-09-04,Aisha Patel,Business Financial Statements,Received,2025-11-21,,
APP-2026-1056,FreshCo Grocery,Fatima Martinez,260000,2025-09-04,Aisha Patel,Bank Statements (90 day),Received,2025-12-29,2026-03-29,
APP-2026-1056,FreshCo Grocery,Fatima Martinez,260000,2025-09-04,Aisha Patel,Personal Tax Returns (3yr),Received,2025-11-18,2028-11-17,
APP-2026-1057,BlueSky Travel Agency,Lisa Chen,110000,2025-11-15,Janet Morrison,SBA Form 1919,Not Required,,,Waived per SBA guidelines
APP-2026-1057,BlueSky Travel Agency,Lisa Chen,110000,2025-11-15,Janet Morrison,Debt Schedule,Received,2025-12-11,,
APP-2026-1057,BlueSky Travel Agency,Lisa Chen,110000,2025-11-15,Janet Morrison,Ownership Verification,Under Review,2025-12-23,,Minor discrepancy noted
APP-2026-1057,BlueSky Travel Agency,Lisa Chen,110000,2025-11-15,Janet Morrison,Bank Statements (90 day),Under Review,2025-12-10,2026-03-10,Reviewing for completeness
APP-2026-1057,BlueSky Travel Agency,Lisa Chen,110000,2025-11-15,Janet Morrison,Insurance Verification,Under Review,2025-12-17,2026-12-17,
APP-2026-1057,BlueSky Travel Agency,Lisa Chen,110000,2025-11-15,Janet Morrison,Personal Tax Returns (3yr),Under Review,2026-01-19,2029-01-18,Reviewing for completeness
APP-2026-1057,BlueSky Travel Agency,Lisa Chen,110000,2025-11-15,Janet Morrison,Business Financial Statements,Under Review,2025-12-24,,
APP-2026-1057,BlueSky Travel Agency,Lisa Chen,110000,2025-11-15,Janet Morrison,Articles of Incorporation,Approved,2026-02-06,,
APP-2026-1057,BlueSky Travel Agency,Lisa Chen,110000,2025-11-15,Janet Morrison,Business Licenses & Permits,Received,2025-11-23,,
APP-2026-1058,Westside Plumbing,Maria Clark,160000,2026-01-17,Janet Morrison,Business Tax Returns (3yr),Under Review,2026-01-18,2029-01-17,Minor discrepancy noted
APP-2026-1058,Westside Plumbing,Maria Clark,160000,2026-01-17,Janet Morrison,Insurance Verification,Received,2026-01-30,2027-01-30,
APP-2026-1058,Westside Plumbing,Maria Clark,160000,2026-01-17,Janet Morrison,Personal Tax Returns (3yr),Under Review,2026-02-12,2029-02-11,
APP-2026-1058,Westside Plumbing,Maria Clark,160000,2026-01-17,Janet Morrison,Bank Statements (90 day),Pending,,,
APP-2026-1058,Westside Plumbing,Maria Clark,160000,2026-01-17,Janet Morrison,SBA Form 1919,Approved,2026-01-30,,
APP-2026-1058,Westside Plumbing,Maria Clark,160000,2026-01-17,Janet Morrison,Business Financial Statements,Pending,,,
APP-2026-1058,Westside Plumbing,Maria Clark,160000,2026-01-17,Janet Morrison,Business Licenses & Permits,Approved,2026-02-10,,
APP-2026-1058,Westside Plumbing,Maria Clark,160000,2026-01-17,Janet Morrison,Articles of Incorporation,Received,2026-02-07,,
APP-2026-1058,Westside Plumbing,Maria Clark,160000,2026-01-17,Janet Morrison,Ownership Verification,Pending,,,
APP-2026-1058,Westside Plumbing,Maria Clark,160000,2026-01-17,Janet Morrison,SBA Form 912,Under Review,2026-02-11,,Verifying with third party
APP-2026-1058,Westside Plumbing,Maria Clark,160000,2026-01-17,Janet Morrison,Lease Agreement,Received,2026-02-06,,
APP-2026-1058,Westside Plumbing,Maria Clark,160000,2026-01-17,Janet Morrison,Debt Schedule,Received,2026-01-19,,
APP-2026-1059,Atlas Moving Co,Patricia Garcia,270000,2026-01-19,Ricardo Fuentes,Lease Agreement,Pending,,,
APP-2026-1059,Atlas Moving Co,Patricia Garcia,270000,2026-01-19,Ricardo Fuentes,SBA Form 912,Expired,2026-01-30,,Document expired - replacement requested
APP-2026-1059,Atlas Moving Co,Patricia Garcia,270000,2026-01-19,Ricardo Fuentes,Business Licenses & Permits,Approved,2026-01-26,,
APP-2026-1059,Atlas Moving Co,Patricia Garcia,270000,2026-01-19,Ricardo Fuentes,SBA Form 1919,Pending,,,Waiting on borrower
APP-2026-1059,Atlas Moving Co,Patricia Garcia,270000,2026-01-19,Ricardo Fuentes,Personal Tax Returns (3yr),Under Review,2026-01-27,2029-01-26,Reviewing for completeness
APP-2026-1059,Atlas Moving Co,Patricia Garcia,270000,2026-01-19,Ricardo Fuentes,Ownership Verification,Pending,,,
APP-2026-1059,Atlas Moving Co,Patricia Garcia,270000,2026-01-19,Ricardo Fuentes,Debt Schedule,Pending,,,
APP-2026-1059,Atlas Moving Co,Patricia Garcia,270000,2026-01-19,Ricardo Fuentes,Insurance Verification,Pending,,,Borrower contacted via email
APP-2026-1059,Atlas Moving Co,Patricia Garcia,270000,2026-01-19,Ricardo Fuentes,Articles of Incorporation,Approved,2026-02-12,,
APP-2026-1059,Atlas Moving Co,Patricia Garcia,270000,2026-01-19,Ricardo Fuentes,Business Tax Returns (3yr),Pending,,,Borrower contacted via email
APP-2026-1059,Atlas Moving Co,Patricia Garcia,270000,2026-01-19,Ricardo Fuentes,Bank Statements (90 day),Received,2026-02-04,2026-05-05,
APP-2026-1059,Atlas Moving Co,Patricia Garcia,270000,2026-01-19,Ricardo Fuentes,Business Financial Statements,Under Review,2026-02-06,,Verifying with third party
APP-2026-1060,Harbor Fish Market,Keiko Chen,110000,2025-09-11,Aisha Patel,Business Licenses & Permits,Received,2025-09-23,,
APP-2026-1060,Harbor Fish Market,Keiko Chen,110000,2025-09-11,Aisha Patel,Articles of Incorporation,Pending,,,
APP-2026-1060,Harbor Fish Market,Keiko Chen,110000,2025-09-11,Aisha Patel,Business Tax Returns (3yr),Approved,2025-11-12,2028-11-11,
APP-2026-1060,Harbor Fish Market,Keiko Chen,110000,2025-09-11,Aisha Patel,Business Financial Statements,Pending,,,
APP-2026-1060,Harbor Fish Market,Keiko Chen,110000,2025-09-11,Aisha Patel,Ownership Verification,Received,2025-12-10,,
APP-2026-1060,Harbor Fish Market,Keiko Chen,110000,2025-09-11,Aisha Patel,SBA Form 912,Received,2025-09-11,,
APP-2026-1060,Harbor Fish Market,Keiko Chen,110000,2025-09-11,Aisha Patel,Personal Tax Returns (3yr),Received,2025-09-26,2028-09-25,
APP-2026-1060,Harbor Fish Market,Keiko Chen,110000,2025-09-11,Aisha Patel,Debt Schedule,Pending,,,
APP-2026-1060,Harbor Fish Market,Keiko Chen,110000,2025-09-11,Aisha Patel,Bank Statements (90 day),Pending,,,
APP-2026-1060,Harbor Fish Market,Keiko Chen,110000,2025-09-11,Aisha Patel,SBA Form 1919,Approved,2025-10-31,,
APP-2026-1060,Harbor Fish Market,Keiko Chen,110000,2025-09-11,Aisha Patel,Lease Agreement,Pending,,,Borrower contacted via email